0,1,2,3,4
-0.057156114130589006,0.8800135864763896,2.4563369611123766,7.678925755467458,-3.6682286373095785
0.020805730140388223,-1.6255143001161605,1.8558601337053255,7.410557457106312,-3.111885585229456
-0.824611579359396,-1.702893436781012,2.7572842437125695,7.2292523476464465,-3.220310126925189
-0.5115401505795577,-2.8103805347587634,2.5156121276198222,7.039588963384861,-3.4444859459324495
-0.0990419680210185,-1.3266175157640892,2.2687278195728493,6.429786774600793,-2.2311773310840946
-0.3767473235854584,-2.1045831690080323,0.61337221932168,9.178248914358813,-4.170354543677345
-0.813673385449488,-2.99950272395433,4.501733654338013,6.2524727372318765,-3.411681342668525
0.2622410085187756,-1.4162268651291807,3.808441577559816,8.580418538856046,-6.478013891945469
-1.8996888724883934,-1.8906378053486825,2.4576181734832727,8.023654442629491,-4.628280340522192
-0.14419138580566934,-1.194477009871623,3.7985139896707647,9.051067922417756,-3.9320563738336265
0.08409089563975782,-0.014135579395072373,4.958963786579787,9.359095133537158,-2.6233379137703414
0.34155912454689963,-2.27409760187647,2.339774390627027,9.518084029618157,-3.2283043580694866
-0.3111763136484049,0.08729180420635752,2.5162154656352342,9.91228465152597,-5.082716394193136
-0.24971679225967497,-0.719088262075947,3.945708234277947,9.454462522169324,-3.702298624595946
-0.26155842517105626,-1.2504245282723356,3.0545386801741614,8.29596590802799,-3.659027428071323
-0.6226529954147437,-2.048426143632155,1.0722385495512587,8.23642776624904,-4.034400460095241
0.5228420149824898,-2.4778359922633184,2.618647106906096,6.350110014995684,-3.8666718627817382
-1.083449808547614,-1.1564161269166215,2.177014845047208,7.695476625124111,-4.5644785186260775
0.13390853657818053,-3.7505268396870655,2.7642622258542158,8.114606800801205,-4.521671343693514
1.1018267665627146,-0.7032412049808024,1.6679857705709873,7.919230031918313,-4.569274033347855
-1.1785820057670877,-1.5961167665889304,2.529326584918851,8.63040944153558,-5.1726424330869945
-0.8390781029066214,-1.1686331524800164,2.8437021967759746,6.531485728079887,-2.8703487062575292
-1.294739911859486,-3.0128355654947523,3.040172416162108,7.598867614979016,-3.7286980544341044
2.159252609276,-1.2432235351163525,2.9816652670193826,8.55196590977148,-4.230069999670055
1.1284099217425874,-1.2761741613251365,2.502997059586369,7.411790214397142,-4.145630196417304
0.7507426040811749,-2.3118743370435415,3.375418705674572,8.939196411744437,-2.9275489725142463
-1.800902344389402,-0.6561804533681059,0.9243014568257704,7.740259014187015,-2.711072844156443
1.1062333972214655,-1.2241016978769563,1.2647517049883379,7.611186012280488,-3.274744284015234
0.14527466221222635,-0.2965294520514197,0.9778393335393347,8.58089507266488,-4.1330348638168966
0.4294200973177851,-3.8764124029060474,1.5680647757141248,7.254315033127446,-3.4581200435072628
-0.1293274862227463,-2.011342040118945,2.6851818125262628,9.799293718690905,-5.366407940609265
-0.7292338684517364,-1.9580409009572437,3.2105862316068343,7.287977660666123,-4.378034761718861
0.05386575633233079,0.2932796752379667,2.4598407980914763,8.912746512341212,-4.282641256981695
0.6458601151086566,-2.439397377709136,4.6228665548071355,8.91625315029794,-3.7352476179833616
-1.5454258104603684,-1.9865464853124948,2.241472257092935,9.395940068781783,-1.9720310837243527
0.14779483696570084,-2.860631530169247,2.7149125583045977,9.924671998038612,-3.792676346914015
0.6313738557299141,-2.257723508192102,4.1378714417975395,8.460646777208385,-3.4806682185624704
-0.3368049191145808,-2.3025135400875496,3.2874988824632765,7.95798888390797,-2.951573831798765
0.7102391123134021,-1.1242413917826968,2.36930983848756,8.367615516767252,-4.466162660211177
1.6679617628950527,-0.6004296570658408,5.410380409535264,7.735174346880421,-4.902178021758452
-0.8363412646467139,0.3333396522627039,4.25041730381292,7.424316896576299,-3.5783931254364347
-0.4999932335528193,-3.069285780335016,4.485208165452776,7.440022643624895,-5.081415410522594
-1.1398882645519324,-1.7824145114024494,2.503312799446882,7.770738259445399,-3.7822737323840516
0.17989922607345582,-1.3308326148191356,3.7517708529440785,9.044021582117095,-3.3169323626271483
0.8956490630733741,-2.1357538950541106,2.5424178168358162,9.413657484119815,-2.772072360490923
-0.22293834731392348,-1.878837675750545,0.8148509716981807,7.5878232047998075,-4.504376286142007
-1.0622616957619486,-0.8154138346112487,2.1730513381618892,7.763092034958507,-4.005685521228562
1.7978599765225898,-1.6147522069911353,1.2919018296499754,8.701293732435332,-5.323104016878121
0.09185322441268157,-2.739242698006935,3.8103920905667827,7.966843150272401,-3.3726375330671248
-2.4768347966979287,-1.6778735346846796,2.8523637669035047,8.341412534692125,-2.392813342403355
-0.5803991578145434,-1.0122294417301971,4.725835992334597,7.493676821210693,-4.071536402054592
0.12914037011748478,-1.5336670549810991,2.67434228215012,7.313789199785698,-4.402377083144743
1.266623676106126,-1.5672017518081822,2.7883336023737058,8.791298284250795,-4.72215558808241
0.6972586465358596,-1.1186998113839193,1.7447974891162943,8.046821393191014,-4.107369438888337
-1.2538659134687367,-1.4191113873372543,1.8363188454598203,6.9911789968866325,-3.652674231602842
-0.035075265587111784,-3.1586832273728627,2.2227949272940872,7.211806595334205,-2.54372173459215
1.3224333044334682,0.12434445389136783,1.4139512385239865,8.20302170914071,-4.0082546112012185
0.034943953467096646,-1.490775649278604,4.036148229293474,8.372744331913209,-4.142611797993065
0.37318411539078616,-1.4998642988510678,3.0836286651044444,8.211112395054549,-4.960654156331402
-1.410433331060414,-2.18052212248851,1.9332385794066633,9.06075437813803,-4.0380578342349445
-0.7310917859170559,-1.4416065414238652,4.452042408249428,6.867474129560076,-5.054011411820021
-1.2110021768707355,-0.318696182081992,3.1750699926471833,5.000688484439584,-5.391827463040238
-0.5383818309889823,-2.083984260903197,0.495656295609725,6.650644108430208,-3.788070649076
-0.9762546531005755,-1.643729477120649,1.783881096140056,7.611381258798125,-3.014569809873276
1.9456277879359494,-2.4563992873535616,2.3940775357971322,9.646953516645391,-3.2232453686739384
0.7135877359922528,-1.0514326983151925,3.6539492309395443,6.900818579428028,-5.7670074686647
0.17454696018605895,-2.2735123242660458,2.3496387194026402,7.23461252293986,-2.9977246724894493
-0.024239628729930802,-1.392998625734212,3.427968796436732,8.10195722746514,-4.0519178001791065
1.0447783648198559,-2.7575427107957413,2.3615547354991437,8.117076838702342,-4.058434557247042
0.38710783711197155,-1.769117529296401,2.0065252576634265,7.415073887962558,-4.315546771664171
-0.027998594787231795,-1.0271730492690723,3.139436653875585,9.54249247171762,-4.2375601536415965
-0.42632322769134895,-0.733967788808641,1.5501446961754053,9.311436639481938,-4.040573461084063
-0.044089998301351616,-2.306082220525653,1.5507892771589287,7.250496879049075,-5.03664677400387
-1.6983617783444456,-2.189963147627169,2.5377696415930293,5.88652055306582,-5.814105814411618
0.23444567769705357,-1.3395282894573546,3.5459867758086503,8.520098657293714,-3.71089013495989
0.033279287820972156,-0.6319603902320031,1.546794946520658,7.371000765892139,-3.745244601300147
-1.9322682760921417,-1.7035866989599273,1.6809999828915134,7.02812350986757,-2.810613724542731
0.867755078224683,-1.272820566486383,1.2822630398784276,7.658771529126709,-4.321183639329682
0.13628543520575392,0.1009985465618306,4.301046588666772,6.531198700761342,-5.86335538666419
-0.7199202427973634,-2.683850605226673,1.2249995361676345,7.3936722923371905,-3.4178955236131534
-0.8068655122560195,-2.0874661448921437,3.4281304929795904,7.967859494902922,-4.975695218317149
0.07602631105483662,-1.8648257316914103,3.7600029303700073,9.427932918980366,-3.954485007138893
1.1380739253941614,-1.7568155886263601,2.4258100580177455,7.265399889590158,-5.539504092445229
0.3429361089165211,-0.7620006795121258,2.2002377754145934,10.138662052725042,-3.4815232348658127
1.6986413451476352,-2.028998385704521,2.982051079765048,8.211886981133805,-5.911216681525232
-2.1394493917847446,-0.5309991547444175,5.035329535511613,7.355781360836954,-5.389469060231199
0.9377353320604488,-1.2838609901702118,1.4268084006164656,7.628403810020177,-3.431965227379863
0.06646398949512938,-1.3243194373656058,2.548745355626649,6.269758130118831,-4.323586032554758
-0.32432472644420685,-0.6515461316686143,5.457797667021124,8.044297821915412,-3.2058210887603855
-0.21980379664428265,-3.2445655294622657,2.7304253396067053,6.388313001503531,-3.0705935184458375
-1.529567569888874,-0.21880950641151697,2.3875844847588765,7.196991759067432,-2.796037529368692
1.0331773288400719,-1.40733105851258,3.6850591120659737,8.115573273730382,-3.518012482327706
-0.33064051542603823,-1.5910346200573646,3.9310841956794764,7.240650495177484,-5.1672648936425
-1.9984557973568797,-0.5603672353140708,4.225613894013879,7.45715028269591,-4.917006789582335
-0.6499519401769981,-2.2615621342475887,1.3049282889144662,7.193841831897777,-4.7264816618634296
-1.8625267467595472,-0.4015734031771836,4.676655241904244,7.6771985228555,-3.7296505369497615
0.17948222835448002,-1.959623571808907,1.3665076852769626,6.50665144585905,-2.659440715183033
1.3611180448819546,-0.6933986028826687,2.429373164536902,8.3800313230481,-2.184628913168761
0.2910718848044759,0.07039066097884494,3.590457525448061,6.424069167585648,-2.2757365758887014
-0.13075722998486947,-1.8507945329725428,1.898201951270015,6.570757584485518,-4.028300523511032
-1.812773273628738,-2.697771793622227,3.5229166444273616,8.178814893329625,-4.755812174032277
-1.4767757705789601,-1.7375390270009554,1.7157994623856785,8.870665594127066,-4.636622877625607
1.3104697206191036,0.6439200742468234,2.4287665921319865,9.581205894051381,-3.173859900997484
-0.6510053624961336,-3.100479482395297,2.1857211765033906,5.349217483929859,-5.302293775134668
0.8348018438199486,0.3548006558305754,0.39575104245548154,6.323840560888774,-2.857540381847863
-1.9153233084373906,-0.8149903774971045,2.50570826150398,6.634150992929953,-2.597441988100532
-1.1851349597673206,-2.7152844511358087,3.151161423785324,11.083033577212603,-5.092878389653705
0.09271020226607764,-3.2792703016349325,4.223624530775155,6.287478944738124,-4.02515096996274
1.0460882012375081,-2.9094121556011894,0.24817048666566555,8.022519009795065,-4.780055883814519
0.6979519187639591,-1.283997241431498,4.00571868035737,10.528837008663366,-2.8441583313591625
0.6593298755429374,1.5989407885637905,2.992197690883997,8.789167053379455,-2.0487050792863197
0.5709711905981384,-2.5834662704153155,3.80051582837553,10.122032118201167,-3.8657141207588257
-0.6883631269276835,0.6778280950463214,3.3061572056623723,9.198285108564825,-3.8381681411926936
1.5122414265320585,-3.1928648749435533,1.8944764198679391,6.0344428701800155,-4.7925130898717505
0.24021804201146846,-2.084469489578936,2.653701294135362,6.937412500501024,-6.014883695336479
-0.6400775115830644,-0.12342284071864396,2.105920096614951,7.830106212741548,-1.7810720304642533
0.971687376286812,-1.330480922386742,0.8036268330549694,6.959726522201882,-3.754967203834469
0.7547009376611439,-0.7779481186728322,3.937042521771053,9.72539054048414,-3.948902573471618
0.4220328227401693,-0.5317010252512911,0.5672555524056926,8.810089818463586,-3.9373937552969624
-1.68009554044393,-1.1557509290833603,4.199792894035289,7.969939842827504,-2.869814527833337
0.6477834327080796,-1.8119167082661283,1.3832701034900199,6.953474309767667,-4.218493904676878
-0.6150969849084974,0.09257537687343209,1.514450628302987,9.516246152988074,-3.666633223576225
1.9077728177699644,-1.4865705100398119,2.084398957452662,7.138931192446583,-2.704862739550223
-2.1908649964148452,0.10098632220955572,2.8285335008192045,7.666659658379589,-4.11252783410141
-1.2194010427583297,-1.3714257022687044,3.0405485433045536,6.279035344388125,-4.118828895043021
1.5596890187303483,-2.251525217783279,2.5211465475407047,6.564440448201573,-3.763170466682498
2.654253936275347,-0.8470463387758422,1.176082508093352,8.585948134071565,-4.818148183260956
0.2783638199546674,-2.610580477986792,2.4121165497377577,8.305463639303284,-3.0006125095955167
-1.0398441018707645,-0.20888887731301153,3.7768398324015777,8.049184863624847,-3.8052158445107427
0.9418644731892427,0.5515413533270528,4.855877628263135,8.22575802869452,-4.6906272981198205
0.7287100702878633,-0.05780628129133292,1.8275533100258712,8.412089845582269,-4.474955888366012
0.3603861853829244,-0.9959761378600719,1.282997665567762,9.051061179934962,-3.494587875263993
0.833205605031716,-2.3195797442545305,1.6707658590251095,8.746430865267934,-2.328920037857971
-0.6098240387411681,-0.24661189001520611,1.2638383167627074,6.913663619373862,-2.812148608386211
0.16759787451764727,0.5310842029519267,4.3998516330473745,7.677930216956025,-3.3056706476778146
1.966881770289891,-0.7236371621864262,2.5302977190813793,9.981089369452711,-4.6853160352519225
-0.06111615808421011,-1.5224915499548104,2.1835293774851836,8.247564444840991,-2.884293840137646
-2.4307026941646948,-0.690185439170772,2.048807893540864,9.673345958145292,-3.3690327365108046
1.063291090281688,0.6166601595754715,2.26628559091092,8.232433839860807,-2.679392323824924
-1.734553547141051,-1.8257094531201012,1.7372618295852318,9.785152296071127,-3.6627499836802206
0.57628820021104,-2.0233989534217707,4.283097159948024,8.698138212430024,-2.9662155478033947
1.7457561034882416,-1.6331814574043182,4.6680023271208,7.618124683822512,-4.2940760877048145
2.8869796364860396,-1.6371652422456815,1.5593797854261464,7.952663705404403,-4.010131833686947
0.37829019821721804,-1.8619082312565685,3.128390726897668,7.238836086667805,-2.335236096941113
0.10022838776226206,-1.8613087131881954,2.5398612403969705,8.342081317530095,-3.725469177187696
-0.9497073253804488,-0.7480772479053791,2.035079701199966,6.622956550166984,-3.96547548789409
0.7498386640392513,-1.0797810566592212,2.3239029917286183,7.836904531942858,-4.753864086158758
-0.7008339372972522,0.8037768868666313,1.1079032436005292,8.546657931086425,-5.812611219584362
1.3138237019700358,-2.730304353047556,3.99830325185233,8.022391663335101,-5.026488605090934
-0.7674876389266487,-2.438312843405432,1.7148646482151841,9.688382955736056,-3.70827075784289
-0.6106095900940396,-2.3121179648715953,3.6877312455376328,7.96208184659464,-2.8526149557393206
-1.162001252138269,-0.9904470074144758,3.4177582284163517,8.890523565949975,-3.935897777898196
0.5889034629006102,-1.1860803279987187,3.073825624083712,8.504699234863647,-3.374912410954593
-0.07587031242650018,-1.2711677028852315,3.072115432588446,7.436881556493482,-4.72563723752478
2.2802784800851628,0.7590936761684093,0.7041674977047301,8.91684207936693,-3.4702738823631774
-0.29759772059523376,-2.5296542832652955,0.7329747159186069,8.751717174575036,-4.335951854537431
-0.6780891883642601,-0.6236794263601829,4.508150490841539,8.652127714041814,-3.9484982253685064
-0.16029727448353398,-2.8501724721545534,2.8409388387171277,7.747525999367469,-6.08572186642915
-1.3875300026149369,-0.9208776771979872,3.475330547866664,8.829247005966355,-5.421696979517113
1.3100216064489683,-1.6334756116463631,2.4145443219837213,7.674696926674304,-3.601156765125695
1.4530844900429367,-2.915604161615782,2.153535586964653,9.305559430559146,-1.528651102087197
0.2045239220022181,-2.580229414349004,1.3101368732439267,8.311594234655706,-3.64481327735509
0.6354380408339458,-0.6591481886002539,2.1175682071016855,7.226357947715932,-3.80505836148908
0.016503744877659564,-0.30512140522715314,3.7259031206255795,8.274751230444535,-3.943092297261664
-0.35150657635730387,-2.596252936493164,3.272064553601028,8.381952623024006,-3.6909610985758863
-0.3036031488883512,-1.4501130118838217,2.072983793132221,8.227825286438419,-4.322015431985058
-0.7257760597590757,-0.02973486919214441,2.4011073753354997,7.433320860857055,-3.7507450756789926
1.1581031003779063,-0.9933479030558361,2.7046075686021394,7.217823268101535,-4.918177585553704
-1.7972273154572722,0.1978768363228791,2.299563044372779,8.463630862839715,-4.126901717817865
-0.933090159944403,-2.058303820442233,1.4506537515057365,7.158444051748498,-5.812714260375889
0.31997920173625316,-1.55762945441764,3.393411076901556,6.463734911390481,-6.252181278691031
-0.08096332464067785,-2.6813588124029915,2.2204498071636465,7.768044518852312,-3.8571157019606406
0.2610150394996256,-2.782771811074743,2.8972085657467113,5.335869798834349,-4.122115915081828
0.45817991592156077,-0.4744932660728918,3.612365324644376,9.049113044035629,-5.1739487790952365
-0.05325436929629636,-2.659540838712247,0.9807711313741347,8.63332583744463,-4.14356572967484
-1.03830769504141,-1.5086598658774868,2.9696585287251045,8.952675974622942,-5.06973535945348
0.04641550683666464,-0.29870512132249116,1.5014428184152937,9.1702625737119,-4.809674339226746
-0.21760723743403054,-1.1145299150503594,2.2885342675524774,7.606531449161742,-5.1809840261473195
-1.7230325414897316,-0.7276744600621359,2.060143776261007,9.566724419513516,-4.458812371611286
-0.04578820746098071,-0.4867628919194027,4.082312732594856,6.934594956214165,-3.6425698396536847
1.5292355642553281,-0.8865739405034166,0.4515764695136868,8.050456316999771,-3.4400923974453153
1.5247235437727138,-2.653751848049594,2.3999670679659943,8.607561157282754,-3.13449245278556
0.8087943146927936,-2.0992075985272507,2.802709138779851,6.438298836485333,-4.577244003230973
0.29133166061272664,-2.552785526089843,4.644931531453935,8.60287620549804,-3.2000506875240253
0.1536583896829036,-2.259778464235888,4.066407307090374,7.944801791917249,-4.177060856236917
0.13870539868321255,-1.7843697094616138,3.9369292609929554,7.44540715542822,-3.968157369115497
-0.13194327609412626,-0.21585398103255127,2.5947730013782033,7.85727509132658,-5.118184391611017
-0.846203039657602,-1.3234575031502498,2.1774409823873326,7.199339370053852,-4.9948819491484135
0.4832860613484474,-2.4491150719734156,1.8135897221913877,9.15136134971536,-3.9179185934590848
1.500589807985977,-1.3502532113180854,1.4932517487332972,7.4977250035318495,-5.001190554417162
2.603395337681147,-1.8276507334752694,2.689393721503458,8.953456048945288,-3.471858044464538
0.9500702503921512,-2.004097008054544,2.814456137350922,9.808535799044735,-3.7700558098686376
0.8433641615296653,-2.8465082854843677,2.3660414598158654,8.572493780160814,-4.446356772542903
-0.1334103508224755,-2.3406140455268534,3.8804333068248487,7.797900775651696,-4.30082385689297
0.11299647541351344,0.1843493496867108,2.5272388416830043,7.193867723210056,-3.0651427870846337
-0.7823826934813572,-2.1465353321868172,1.2809542210216747,8.331030048562209,-4.535646574762477
-0.5447234731222375,-1.8060319067995727,2.3446290572377286,6.98887297620724,-4.353376628566021
-0.441475690395347,-0.8324944720723261,2.4039915549818343,7.706742757235162,-4.538228018265069
2.113182526065695,-2.910036987136426,3.8511397887128487,6.6032217943546545,-3.4313081993509154
-0.29322459502814324,-2.0365916821900267,2.793089362823039,9.698055132503551,-3.6848625097824677
-0.6292780341353854,-1.5364357786671787,2.894605574051232,8.22623187073126,-4.9295976612242605
-0.3427291149631193,-3.2200710285838454,1.6604066724593625,8.054896096308454,-4.219922815357775
0.531108546052902,-2.503689180459091,2.8331383929573177,8.037766490838237,-2.3869472819126094
-0.14280613691947286,-2.0226582556281825,2.787949590622546,9.626763557107807,-3.0710836473689738
-0.059586262141808316,-0.25353303541977934,2.6453277516271534,9.516194765770855,-4.816268201533491
0.44207547864612357,-2.575079787969663,1.8278936363607978,9.47249443294112,-2.4258768431609297
-1.5164379574153233,-3.928656732108821,1.920023720951273,8.92984592119971,-2.9518881399847157
1.3355914021861803,-0.7000299236989461,2.3663074619720312,6.373591348192111,-2.814937246994183
-0.17040798891477862,-2.1871598531166767,1.623352638890872,7.948157552829695,-3.3358248110925484
0.686127102269225,-3.235357939220087,5.534522668219753,8.36471678605547,-4.17257515572811
0.3759250030961113,-2.2277573496440204,2.7391183652356617,7.971102426991913,-2.66059423136513
0.034483876913904,-2.115748652166564,1.558053673227585,6.186041881075749,-6.881382568626279
-0.8765439627544038,-1.2207008745023962,3.46313604942462,8.681921501441478,-2.6872669396979942
1.4871118023465837,-1.3186131101960912,3.6769320704850794,8.341186090129035,-2.7900242580850843
-0.8168907585895522,-0.7175767670662225,1.5230083507530465,7.659264356183,-4.239928968093948
0.4524232662147392,-0.2921819391727092,1.5362638634148618,7.632587866376475,-2.7331546484123
0.04528134548354321,-2.6697518756586884,2.3212822233915236,9.028783776817521,-4.260883496308628
0.3970932128776302,-1.659593132628702,2.6283238565315212,9.213093753050439,-2.2033700615651277
-0.3679496536218316,-1.500208034672349,4.360470518820321,7.550561470705213,-4.411026366323359
-0.9657869874624496,-0.7647353666607261,1.7561981940821436,9.173935931666895,-2.6876959458449554
-0.7732011990032815,-3.015112193984809,4.320061292144158,8.18758659203088,-4.23185068086057
-0.8399757549460061,-1.9322216039695082,1.7460747121879496,7.416735376519336,-4.405315986975259
-1.0860073385884514,0.19347482050962528,2.994921539736906,7.465970667947128,-3.0914622462820973
-1.0230837137313835,-2.2579405490868703,3.1270525051516027,8.472024661269279,-4.456210329052865
-1.9154547407409983,-0.6407613896345663,3.4853671029340516,7.506392010802574,-3.621485460436502
-1.971538062254937,-0.10590097888954242,1.8504883752484036,7.150262784684132,-3.9209500955882164
-1.9290571145347397,-1.9437064253458318,2.996348670028395,9.669071483882977,-4.193041733778994
-0.23369936910472502,-1.3415316480066497,3.3288930079378156,7.168743579080826,-4.361935462158923
1.397700505222393,-3.136143485573877,3.7069618842369914,7.424694792672905,-3.1570671664881833
0.6253105612237788,-0.45577888030229174,2.1665947161901298,8.70759662418317,-4.636483798756682
-0.4714751987489142,-1.988649641291014,3.607620446113418,9.400945770032141,-3.9133501289731893
-1.1987068378378634,-3.0235834249913016,3.6022143325583533,6.558787479272635,-3.9465625580982606
-0.3786186435274016,0.9602816180166864,2.7751882290173984,7.673155721233772,-4.1351230580373
-0.2426213032863353,-4.035850803628998,0.021495196942527883,8.268681772557326,-3.164227867804147
0.23130063645113266,-2.2059946666100676,1.8347699953455456,8.110652351242228,-3.7290109050340465
0.10442229573150831,-1.767455153092442,3.4089667370662085,6.243671128189609,-2.252126334359714
0.45859539117803466,-2.219346511219594,2.8477213277823186,8.03998974156231,-3.4127086677744254
-0.5360072121882774,-2.0467754961263935,3.2219417716857452,8.10376591674165,-4.5259902875973665
0.8099434608206807,-0.9277806256469405,3.9656495900403863,7.924477097222833,-4.443353935974401
1.4832550994397342,-1.2085530700403808,3.3381321420803847,8.426106316843224,-3.8199386295235684
1.7844853014680608,-1.3769250705833158,2.0638554903495865,6.494612117162425,-3.6837134156193834
0.6966922867255771,-0.8167511766641921,2.848865431164185,8.122722209827643,-3.3720224286162406
0.853642391151108,-0.16905281747230672,2.272296442461945,7.796191565085282,-2.0365336670296728
-0.4531857734362733,-0.8109892630811599,1.3428030903641637,7.969207203087698,-6.500674630944305
0.14822760371884142,-1.0715413306409005,1.7658487241494942,8.886121651462108,-2.895829844166718
0.6417376692236068,-1.6932775012866073,2.6129392289464857,8.452944931423929,-4.684650266178487
-2.000849836496604,-1.6051767543158353,2.300008367088994,6.598329495615802,-2.245825616023051
-0.8727241617205955,-0.6203116088423756,2.08013540418667,8.096264692079044,-5.186501877070413
-0.002969913224937885,-0.4536243489820544,1.2990613137625657,7.709735347346091,-4.265511236770008
-0.7987683043277535,-1.4581907796397888,4.179043098889372,9.788834424664962,-4.2459109178175884
-0.9653843479600287,-2.310629438834389,2.769363148160758,7.64423633993196,-3.7495205663533198
-0.2952977131861434,-1.7224372808056074,2.6068409127023537,8.616952062748016,-6.137944513015793
0.04194527706544789,-0.7179346570661693,1.7076130293015128,6.965197270343607,-4.009974548779918
1.8312720351468745,-1.338545575053809,1.7796432100028365,9.361559294020177,-3.399695840251473
2.3130019203148557,-0.31719902317847026,3.7522289743201824,6.7400731446577815,-3.196039605859288
1.1682237054450981,-0.2904275165258232,1.7657728549549643,8.209693655037993,-3.251637257921504
1.788678616586686,-1.1427313130102186,2.6401177874647845,9.33185792535592,-5.300673777365452
0.8706955718464247,-2.3747638999740843,3.429757980045652,9.191623929235906,-2.0630543358692375
1.7308209150801304,-1.2160407111894864,2.9194430548837844,9.964687431885872,-3.17795218670116
0.5171666860709918,-0.2157668800974757,3.506125207740144,6.939176687864895,-4.0386977612628385
0.14926888112144626,-2.41848343878178,2.351476373393229,8.894305716691447,-4.573603585512331
-0.32682412962331464,-1.0706774764261913,1.0983022156868525,9.786818802388506,-2.1084588816906877
-0.2875472360174026,0.13218609169713003,2.104622609192294,7.822722274885326,-4.325814956807418
-0.5776381026224238,-2.060454688427132,1.2839380198898764,7.874009099540224,-4.217619627141114
1.394144117261729,-2.601122648308647,1.8909921829468723,8.132234741184007,-2.511037320678616
0.5359624653161236,0.7034718818686443,3.9089475084547365,8.719248113364609,-2.844574675981332
0.7677450510510128,-0.18250932264229958,3.1139484453982997,9.8730253109027,-4.175235356665972
-0.14732301171001758,-1.0058211171595768,1.6615862983578973,8.349921795405645,-4.569016563613697
0.8664684927147575,-0.8103547539470287,3.003973392974955,8.125229045957555,-2.9733234557837553
1.0680411018167841,-2.6727497909369164,2.198290076954504,8.469376660714987,-3.2821808360398803
0.022154017163346397,-1.781564105444534,4.407806432771888,9.947516815662553,-3.4052631978812724
-0.4937292562875817,-1.2978879207381433,2.075122450465541,9.968707506248291,-2.5427319990306207
-1.6853268650412987,-1.2796277470103805,3.38302844739906,8.212886504097899,-4.367152364747751
0.26949083235969773,-1.495351810280099,3.735331717863395,7.645170513438231,-5.4656912654101575
-0.8479833839166855,-3.026441970849879,2.9201884583564848,8.855435147774404,-6.088777295572923
-0.24453353484488863,-1.319832618062094,0.6333773547640709,8.09381114747012,-6.149219400515772
0.6210561281440592,-0.6174136408867259,4.2523288891257245,7.006158378708573,-2.544555895237597
0.9869877076988289,-1.9290681430937446,1.678765299382407,8.284506768473193,-4.527049155640745
0.07261212527730229,-0.5782467884019735,5.226461029716463,6.534417963798896,-3.026112341972149
-0.5998572299494803,-1.974234473812341,1.2077230569764943,7.676490855892805,-4.218075485040178
1.0149897814886712,-4.601336618008541,2.4189651889258528,8.77534837131495,-3.7463898093832
0.4551361308192477,-0.3539233229433336,2.4586424155751057,8.815270219391643,-3.0457317731925477
1.8330914005446444,-2.5957727369233643,2.5511585636359095,8.329196917031503,-3.61803367448649
-1.0723492334018858,-1.510018932715603,1.6270844473303487,9.20829162268248,-2.9136398148105487
0.13204043142357333,-3.2241586956435,3.964592683560306,8.8036652509413,-4.489639308164651
0.6509632871290897,-0.8224731946572137,2.7461411467988084,8.001648870412147,-3.4358144815791074
0.5896535103068821,-1.1734782771967662,1.830684030598033,7.7062775980270075,-2.5053374752102
-0.5599686226046664,-3.9360538213165115,2.6526785471386125,8.0102073732324,-4.370517646286147
0.088443856190421,-0.7835435587755106,2.5706395484101634,9.325579689851914,-3.912964704370939
-0.45605546897874605,-2.4302832873928484,3.7277485038974403,6.59240279432441,-5.691178917392326
1.3511952043550823,-1.919920045619155,3.693022144342228,7.438179957219177,-3.9891329291777895
1.343589087642536,-0.4766641504248894,1.1522637155710702,7.267656965287264,-5.228497370844089
-0.1272948358961139,-1.2879080130617493,2.610184226207183,10.142053290901988,-4.409175143866088
-1.1123897904040294,-1.4063623654043693,3.6018071200717428,6.972589342619819,-5.371877753782562
-0.18983376178190342,-3.2588793484315497,2.7835921250721896,7.714004227756258,-3.553716567449593
1.2969102489174582,-2.014421448064401,0.9803792702339094,9.801012748309923,-5.177859582211086
-0.20769607608827892,-1.6187047731802766,1.575016624320236,8.040452420891523,-5.057085102035824
0.14583979520115475,-0.39966120978753295,3.6722336606759716,7.671666112253386,-3.900213562430007
0.6833836768403618,-1.3191535773983079,2.048320193040246,7.152842374788113,-4.021745679197453
-0.2959917112259844,-0.7488763130170258,2.485324777586606,7.054682423541137,-4.625218535744602
0.45662389591178804,-2.1154281889512463,1.8393240989911614,8.899864661984823,-5.863583291025833
0.0617157641078094,-0.8603725461206083,2.327642175149812,9.538233460248792,-3.8604458964796717
-0.25575844287730803,-1.006565243565415,2.238092044719011,7.89440204199643,-2.4102985390460576
-0.14953974129407582,-2.1391185948682385,2.5717542385575243,6.586096854762359,-3.7179489813670124
-0.14534250558847123,-1.476583534976434,2.1831274691114944,9.934795624266096,-4.058248512503977
-0.5285015393151696,-0.8422340689307194,4.310262310513995,8.087413242623906,-4.27041436641679
1.910989278218199,-2.392883361298485,4.577949449199384,7.629940874670746,-4.05623736444594
-0.7181736825373811,-2.7148023914654305,4.118820480093074,7.690850039562861,-4.811741431160772
-0.15697992834921723,-2.276631756086027,3.7721588928113565,7.649480617409389,-4.772892079550503
1.2497153882101326,-2.251651370731723,3.5942530196617755,8.551962964196672,-4.375740733726178
0.19823229053506214,-2.7771875170621465,1.8450423437206809,9.304691690121103,-4.05763697006901
-0.5093022767402193,-1.7251599013059806,2.4895409194848184,7.472110350076897,-2.212830030346306
-0.6429758476239962,-1.7009391803389573,2.7495962344024774,7.779803578470172,-4.435798049979745
0.35979195609945913,-1.4674322018573682,3.6983222127413673,7.840392658505323,-4.388459549045961
1.318802836126222,-1.4416499098425934,2.0836285294526125,6.311966627520533,-1.9473946483640114
-0.1286240936341665,-1.7627704144643848,3.3887717205926844,6.698367443111623,-4.259707403532221
0.2641627388603306,-2.934911763171195,4.62227610119129,8.217993498022524,-5.536241773182663
0.7352261982633044,-3.6205825047631404,3.575141249611407,7.789711674045486,-4.2557422028195155
0.04224073276028838,-3.0940821483522987,2.4303852938569666,7.927030427747254,-3.826237178963713
-0.27652382995691654,0.6572531145918914,2.9814521519788926,9.9031584322626,-4.492575857707927
-1.1715308142033378,-1.136775614066908,2.061307839659374,6.538218836421554,-3.3694629926970476
-1.020481742657676,-0.6884055820727575,0.9027450267488886,8.64117104682837,-4.535698709201249
0.31590025116631437,-2.747263277652963,2.6208842495051186,7.932734847610158,-2.2883302206022385
-0.3135593579214604,-1.6383538130411321,3.674893917853861,8.156302409989753,-5.360327562472838
-2.6230126347268095,-1.8643485257363852,1.2158836464915572,7.506634710600505,-3.672181458741184
0.23419559955008734,-0.7988851960082769,2.4185935226028175,7.153933613113313,-5.321097105034559
1.2147082785730083,-1.2536869512890803,3.4361689848517334,7.581618530498394,-2.727549414746314
-0.4783561391626443,-1.101965895847127,1.7911260948517667,7.813742757585286,-5.160315430770796
1.2518258554485626,-2.6396491833227773,1.0075614435585036,7.73266751126489,-2.4283553318731794
1.3395045530600767,-1.687306979296273,3.337453082157513,8.988812577637642,-5.59937930987096
0.6623891843423468,-0.9996094726548671,2.233201782296763,8.733634622546841,-5.087907113470147
1.4797072201527048,0.32344856309599046,3.7896169098821124,9.013490382699043,-3.916970943341818
-0.7618453351135214,0.9196255872372423,3.1269406348494906,8.279665481807264,-3.0495342912814762
-0.9497808743753542,-1.0188267570471101,1.212532163445443,9.101096569955017,-4.969034979486653
0.09190785230760178,-1.0200391284990358,2.198356592304166,7.829633991688693,-4.979904601390501
0.9657999486200953,-1.890796802493734,1.6364727778753203,7.302353269908184,-5.0999103967843435
0.2837861678005245,-1.6377747158168667,1.7950953090896655,8.584402794989927,-3.79970107257338
-1.6652927351513092,-1.9277046095314367,2.0472995731726784,7.262744969979026,-4.123753644082511
-0.29153172448000075,-2.7065057357863824,3.0830779665158254,7.271609231977089,-3.8637396639312147
0.9105219546534902,-1.2217480888913572,3.2555998044699184,8.571900377016673,-5.8221338785255305
-0.5144754824360438,-0.9020059973902671,1.5218016615300978,7.628605316476808,-4.797746202021815
0.6355949322803974,-2.0040391900986183,4.0362619639800235,7.246394124876255,-2.886977862790328
-1.681598294202051,-1.6987201003470427,3.3165917428010623,8.993638624105529,-2.152829997645359
-0.34940501939141483,-1.3036195668323574,3.366629235248684,9.43159460600808,-3.1740851058121855
-0.5451019284856587,-0.7188188906709393,2.7511848744082044,6.127555397977713,-4.589408164900951
0.853138155166725,-0.5260881185276772,2.0254995094864188,8.307187207781675,-4.152721769133392
0.09316738197558927,-1.504677525851669,2.887407061793345,8.119026588977706,-2.6075378797777633
-0.41897304664075147,-2.2509431749022464,1.6724655454085664,7.593958468220434,-5.935708023682418
0.6961143598919004,-2.0492778199359076,0.6279487181300993,7.077589275824889,-3.662544806094738
1.276774468003207,-1.5599789262587602,3.154357706550019,8.314483943904863,-3.2291850446624277
1.2029546989846018,-0.3002047334425293,2.8822771155955578,9.155984340885466,-3.653248542882496
-1.540983015103117,-0.8876995329970129,4.512202339504079,8.621459221191307,-3.6605692418779596
0.8622920918066105,-2.282049626900197,3.684774036048576,8.764501190754757,-2.984746054969346
0.30493894047795544,-1.8605997649034,1.4042571051203672,7.812213858286617,-4.911412720183816
-0.2733229415510963,-1.7872943274735276,2.055552921874308,6.447518452519704,-4.1391968177960505
-0.5951155591525387,-0.6656237254390935,3.162061117966111,7.466939942924341,-4.432682123734805
0.2218568405398687,-1.383094688750595,2.526384439663566,7.212581275662768,-3.854889515350707
0.328664210039597,-0.5979312594626567,1.2273886731154897,7.456163700439177,-4.47620886122005
0.44404146750999884,-1.320004537128963,3.2196858275541698,8.398849883438977,-3.072227720612313
-1.2834297609862395,-1.938924062163769,0.973839895590789,8.973192633673044,-4.395404824226985
1.7712187571371045,-1.5062422689756871,2.4981557898203386,7.091901926545841,-4.097236305053991
1.1933313866552209,-0.8831957199429411,1.4528236640473138,8.893069164380725,-3.726239110913493
2.697431755759856,-3.1971630248380776,3.1161826464121654,8.146139085022321,-3.453688715949862
-1.8503854329080267,-1.732343046112768,4.229811971314458,7.058004077003454,-3.6581226038881263
-1.2953007315467844,-0.5844960477127356,2.1600405344950415,8.63692392936358,-3.0837874903867784
-0.837868565993575,-2.359250383994797,2.0722101476816173,8.395459195653059,-4.095132028530531
-0.8503702970406685,-1.804421591676762,2.5962521985403626,8.096141490179972,-2.686580839109403
-0.19603855471558054,-0.35899601935292313,3.5113235679322776,6.102941507733213,-6.014390352823051
-0.29635597714834966,-2.236603063195247,3.2188443193846465,8.625781737492002,-2.4320125282113105
0.675387331309879,-1.0061306369992904,5.131380152056565,9.110450757702864,-4.21130742198241
1.7174861905857826,-1.3296897675759656,0.6190199627897224,7.047322523756345,-4.063244112680018
0.01876226534744863,0.021146209509609992,2.2894241315716464,8.36230499928473,-2.913318132042706
0.27057641396953264,-1.406231127137483,2.341348660867101,7.318006875752204,-5.567879611883221
2.997830910973873,-0.44732907798331967,2.9106016412338898,8.061409493147064,-3.938655546197877
-0.6698434934506192,-1.0277779543799965,2.6256484509634923,8.296640822211955,-4.708649584748448
0.13198560427298792,-3.397159798701824,4.282811715546662,7.780473778684095,-4.2718806684313995
1.0231920397619738,-0.8275082084161144,3.2034475511386167,9.223378593583053,-4.154322615864819
0.7000040118398688,-1.573324481410755,3.5048973400075627,7.20395155315431,-4.92905603063974
1.1089719730541385,0.07982752422105643,1.9094668562178576,8.304219262323,-5.051994683943375
-2.5540767993122158,-0.5581310310897568,2.8963484875120544,6.5526795753481775,-4.143043807556909
-0.5549966333705167,-1.7360478061501434,3.409622078488989,9.115503331386748,-4.675290688730054
1.429044484188028,-2.446960247185011,2.841809673837702,8.404302592028039,-4.20528589231158
1.2215467759273426,-0.6032466554471658,2.6212521815705454,7.946301142915178,-3.0220939874882786
0.3133471115127829,-0.8064470168059824,4.36615411848344,8.773109284869228,-2.395820291940428
-0.40255124845177,0.6554591721770069,2.2458672097746613,8.039591817028398,-2.200189117456289
-0.5731009617504914,-0.9547189518932089,2.9272525218324845,8.285106416720629,-3.6977347972560874
-0.5221474274825593,-1.8216828068564364,4.154227741096307,8.082940672551066,-3.6719694935656975
0.13291462694471526,-0.23940078417472477,3.6427830478240617,8.27347910839954,-3.667674237307195
1.5844072823579824,-0.940815978977854,4.160859584808809,10.288905213182932,-2.843550363137311
0.3525868452610944,-1.288779304232163,3.2633517956749336,8.411993071676209,-3.4994013540016935
0.3231915994385355,0.18743843822294726,2.8162747559728425,6.795592674380231,-2.958896047617169
1.9647459155599643,-1.6301725593253593,1.7545850844381743,7.426251318122418,-3.2832753988116425
-1.0989586958678175,-0.46304930536253464,2.182403782585187,8.106851634120533,-4.315980476849565
1.8559031182689958,-1.8200853375623722,0.9123110275430069,6.963578505720403,-4.881552145974914
0.9385527006702788,-1.9033852392582475,1.7156183147326878,7.245240148398325,-2.957726148809713
0.03272560917379898,-1.3109217230758468,3.3067189359787856,9.16126892137078,-4.9334060131359765
0.10895826848379156,-0.09197314149448022,1.5837939863351127,7.690555707941479,-4.053198217964436
0.6827721797593705,-3.3113457857192237,3.6879855424021524,5.058218240861093,-2.8547141408783094
-0.971415323910291,-2.06096546541597,1.6225982748110743,8.039719114156041,-5.3051340209151565
-0.051962525117995886,-0.24896948156333876,2.202134529214454,7.256867709008734,-4.043515772114679
-0.9027939213460582,-3.191560014936151,4.3916512385267845,6.538805747703373,-3.766545222193789
0.5993552502798993,-2.021871378427278,3.4939035085284376,6.776563846458166,-3.025807267108357
0.44427782041057895,-2.79014582560791,3.2359759066455878,7.217397020150411,-3.3399541174641003
-1.52595170248373,-2.276518023198625,1.8580737421514426,9.795557678814998,-4.305600425628279
2.0217536842761668,-3.709095837544549,4.331696390694773,7.109153922066164,-3.1912816076928943
0.27784567267577914,-3.346208238734553,2.681359348306581,7.484301696776065,-3.7512037238900042
-0.5497868158151882,-0.9129802817862964,3.1968870276866577,6.99382066641305,-3.2164520243524706
1.2918501778687834,-2.180749809528268,2.010580890704576,7.688086894335958,-3.517536945577334
1.2140628762186627,-1.9286062989177393,2.4359443575914317,7.381561464654522,-4.10914727755788
0.4254867521087372,-2.669238768911094,3.0431980343689813,9.13958573755902,-3.446321711009715
-1.2742519371439223,-2.449599014873812,3.217573255057281,7.26354851945144,-3.5176235867341075
-0.5486835680273527,-0.43092979207217263,1.586970802819619,6.53219661514652,-4.099979939172702
0.8562795443060055,-0.21344864896156257,2.2368782066107613,7.852483610328416,-3.98044879659948
-1.0970772742048382,-1.1199710834386685,3.439087600922356,8.562889703851974,-4.642626809982008
0.8257416809151689,-0.9755675841425007,1.5713322542730388,7.026626284031972,-5.353564082294874
0.4645774429594728,-1.1827345112157337,3.4441189178002443,7.774630535695185,-2.4549418489366497
-1.7519441440936276,-0.7493568376860219,4.6875733296507915,8.739308735040405,-4.120381281261415
0.717526087510067,-2.6712201760253347,3.2998850092724474,7.7153697096133,-4.241392320969132
-0.18711164660174584,-1.3755505417661185,2.9811324209161327,7.311758024823649,-2.5596472438853697
0.4544148989620867,-0.9639979660801331,2.4041668347001512,7.445783189374951,-3.3215284356611754
-0.7120515685274611,-0.4665643310776555,3.778086118296704,8.073349316849672,-4.302244316608084
-1.3160829750138745,-1.9782503581050799,2.801686586796815,7.622256573316204,-4.2992145706093945
-0.103269520732224,0.29543422046560397,4.89626121097817,9.145225781682756,-3.1693753008719767
-0.5227813800197606,-1.1980894731142797,2.020743973645501,7.062793003221586,-3.309763388975188
-1.8587640499215017,-1.8198268585918504,1.4403919155081277,6.526465796681676,-2.25367490009632
1.2139534061373674,-3.0260297947288946,1.3317765717286953,6.448513789973311,-4.99753467216166
1.340446421064434,-3.0437165214561324,1.2308230571906746,7.832521604440664,-5.635947953910594
0.16512888100352224,-0.5705779234400198,2.8343419320379035,6.7076057202240555,-3.045183183423879
-0.07324228357970235,-1.828134506888984,1.7158392186289646,7.803906515341852,-3.374130716498804
0.7661627001833531,-1.1142916914542447,2.97707176578054,7.546032694834576,-4.259128436364642
-1.7270233487079112,-1.5003881973515245,4.570423498619417,7.546843548000285,-3.3365965712071644
0.8270699867241033,-0.8662089568106971,2.9650806170726445,7.970690513849538,-3.691742928770063
-1.275736108220578,-4.705961508900952,5.0596280379110254,8.49434920694262,-4.490003569236276
0.5581654435808693,-3.6482773233811256,4.412791353233904,7.266176864660814,-5.027201724337687
-1.0306787189950444,-0.20022803745738282,2.5337012953292013,8.636843013556762,-4.3632304770369
0.6149932081692404,-0.7779417911242966,4.144153325550368,6.773708745190886,-4.727166565224352
-0.13412291670053128,-0.3914391549380858,2.178830452009984,8.783378315484189,-3.827795897114202
-1.314316628907592,-0.005653344587483788,3.3465767923392327,7.389908480690514,-4.765123421025328
-0.7997997933777917,-0.7026758938968757,0.9032805214796649,7.860337978340488,-2.1378076629230605
0.4734793668407068,-1.8076096154861276,0.24438678047894946,8.36655320151179,-5.441225429094744
0.4030384634214845,-2.2879906574650497,1.2934180693917137,9.610720556475373,-2.174711559709054
-0.4493638677469721,-2.377603372096315,1.2800447844466396,8.398507572143085,-1.7098121883790514
-0.7515501538425186,-2.501927037741192,2.9660189647779505,7.517082371425183,-3.2266258126545266
0.009395342643146523,-4.714726903975161,4.150518410580744,6.7426088500122185,-2.3564575390051408
-1.3017265858704468,-2.2369983666045377,2.9145244374771835,7.247128802857335,-3.2373630549267522
0.8994552865085416,-2.174334593347379,1.6204881393692911,9.899556777047305,-3.4969607693633056
0.27237821990745403,-0.2200583129017446,3.1797476710309156,7.792947573575755,-4.182739150917309
-1.116400503354711,-2.3037694176910404,1.8771041484342048,7.166274725165723,-4.119311282227765
-0.4508845525231409,-0.8012475663148004,2.557642971255561,7.328136958743502,-5.097740772593594
-0.2532606664966764,-0.4934675688548795,3.2856545753157143,6.46452084518847,-4.768115268405075
-0.37512436394718335,-1.6199300453815613,2.8586660335368355,6.220986592872891,-4.680538579859781
0.5567035350357346,-0.9426664928900501,2.3927119756225887,9.893864586336626,-5.290906943453372
-1.2500303224111105,-0.4241856798967423,3.649060542875338,7.656361593430085,-4.844093020183554
-0.705612571062996,-2.121439830277668,4.39379727612053,8.84813930523057,-2.378469651152166
0.8734132740742132,-0.03846248897012927,4.250731196556294,8.059700776576221,-3.596668651864461
0.2789157573632198,0.280968954852852,3.3223622649116784,8.290369420635304,-4.214454155772595
1.0876424112084309,-1.479603953013506,1.942303946367744,9.130765037005744,-5.252136961110313
-0.4093385284316053,-1.733471655721086,1.7343144908553447,8.14577075838097,-2.921751313751238
1.022100129307829,-2.317582866751454,2.9281799311379673,8.09098719793408,-1.7557674513949264
-0.5321005750387412,-2.8540710305834587,2.4632667758269426,7.884083189167974,-4.470143421476448
-0.7064399864309472,0.37455660667422275,6.336847643269282,8.143420351776568,-1.941229431758834
-0.77164040603528,-1.2353088240023937,2.1516390823842064,8.549977127373717,-4.154004356104719
-1.6520538070705544,-0.1296510745595365,3.935525042648046,7.198262881560662,-4.655701265063478
-0.6666901474421486,0.7643413379154183,2.521204006303137,6.771424172566849,-5.276958574447692
-0.6748682250525805,-1.17312658512485,5.00868018526753,8.281323460076319,-3.4908511509032087
-1.4528085226062384,-0.7870076102550754,0.8698643100068606,5.6451619115817255,-3.8635106116693803
0.9574175832490556,1.0917814302086875,2.689207713146846,7.761736451137649,-4.797854573862333
0.28949858149194274,-2.8879369427109354,0.2900679838707978,9.296580452431757,-5.08305575191307
1.0510521602279566,-0.7357181159651742,2.674659755925092,7.372996043612043,-4.170008366109533
-0.5110402724101168,-0.7202522239406771,3.478493720166627,7.86453513884706,-3.892353183393182
1.701686005660638,-1.6201393421211,2.9736527342117522,8.84553852512871,-3.8188444742666006
2.15696855511836,-1.2607807892337544,3.136057749916433,8.335190364578013,-4.036909049321952
-0.1383259717228979,-0.7171933427396129,2.44133313275026,7.533370358164435,-2.892504253697846
0.6185727814571701,-1.560612612382913,2.4977170744041004,8.933288414925432,-4.498442330387341
0.740321310795505,-2.7959717942545357,3.5319487618620835,7.582072583217232,-3.136149896064582
-0.4462666055078735,-1.2081634813295894,3.1983280473412594,9.22231150352146,-4.18061416498432
-0.06902716113926445,-4.262036670749755,2.1794324456286445,8.17408298488293,-3.0448321497661253
-0.3972326797922833,-0.9479558309327799,2.5681226740097993,7.8069279101244495,-3.400661819034178
1.2396227294821351,0.13753970443550712,1.7162393602998263,8.168128383716002,-4.278403918923092
-0.3076429351813736,-2.351687360057104,4.404556127108456,8.775776650859234,-3.9543778119100224
-0.6474425642490635,-0.44658668818226377,1.217892430817989,8.747277933020719,-2.9758265142097566
-0.11273901776842714,-1.4959050478248386,4.2795399247810915,7.037088167550836,-2.12228546594544
-0.3560774887732408,-2.9328781496677667,2.8313109098974616,9.224961867298333,-4.792738537224358
0.030223187541795444,-1.6356098571619218,3.4511593355760164,7.265182821595049,-2.8251747502365365
-0.5647033757972554,-2.423365159254579,3.535199210476003,7.906058953817527,-4.622126061369748
-0.3834933136439504,-2.0585329286056533,1.0357986587314756,6.739240863993877,-6.3005590564600755
0.9082451937476976,-2.3609150324601704,2.6574877585011167,5.813379271841196,-4.551569735601606
0.08390237416440187,-1.7554973846467095,2.5663516721102915,8.824703685173962,-4.413122639652759
-1.4992026515084333,-1.2178592584248593,1.50467871900467,7.662185711599006,-3.684415488949046
0.15475461337138696,-0.8165100634883957,2.1335662483641147,8.250398833561235,-2.3947775314122337
0.5821462347005405,-1.9735424102400687,4.084613801925151,8.438259789283096,-4.66498031043234
0.9491770817253751,-0.8750145672926933,2.658951014989864,7.41254085258284,-3.524550374873079
0.9223491116603478,-1.6785687227454322,2.9787587307797216,6.975145329410517,-3.888753863033716
0.11203137069898726,-2.246016556159706,2.8096098878224804,8.358098076282813,-4.711374722876377
0.7547956973760613,-0.9041815531231564,1.840213318559894,8.02318812946403,-2.8831680645842708
-2.4699597046873736,-1.3138726858744656,3.7245184555577833,7.354185911054205,-3.585567284001934
-1.7892146116879597,-1.7170317830638493,2.9529292860634886,10.774483024639435,-5.308003545083206
-0.606189236398538,-0.5480688488706071,2.938932539506135,8.59651656642644,-4.488643200590943
-0.8505875911754224,0.020808963753490062,2.8698050245645184,6.9691254346771885,-3.458391635920369
-2.192355498838998,-1.0396686229189407,3.324254155719729,7.25847926758564,-2.790381547955646
-0.5892907340043086,-1.3096033488043537,3.975168054556203,9.033018311999902,-3.6812268291187533
2.593206987948502,-1.3991296620766676,1.279868531606663,9.959059539053808,-3.419890271314349
-0.23979181650572245,-1.9451325613065844,3.348853794291489,9.070464098249019,-5.709976950755125
-0.8973126091767079,-4.149641076477576,4.492837148846929,8.107067392204995,-6.0522750896451925
1.4549262169585058,-0.626223418789497,3.0673229815775462,7.438386593735328,-3.9951761378686785
-0.11576079989769479,-2.1128067531019727,1.7839725365813095,5.587935534507268,-5.319203933795885
-0.07660865759910646,-3.1713646798580655,2.160284766010988,8.569713258811632,-5.988853139230146
0.49428552466650655,-0.5766879882079137,1.0224473823895774,7.763381424625273,-5.048642922555043
-0.14881453999260172,-1.7020755465610742,3.33362319044002,8.397643818008774,-3.5789784823651227
0.6969854240785731,-2.277817637303632,4.342395016037624,8.180199115929945,-5.020984961961197
2.447873785611906,-2.9721859824828787,2.646251753060863,8.381174519862327,-5.901541516096345
1.1044872795609613,-3.520726461607261,1.2354931398587345,7.824698170686157,-3.052460076372682
-1.0701032713033638,-1.3671692706355454,3.507380681795537,7.353533910473308,-4.525677493866599
-1.1958311116567584,-1.453249949327307,4.910442963083915,6.945396652398852,-4.72355770022812
-0.7900005804980024,-1.220659847829171,4.561031802215551,8.781126761277143,-3.973788001114539
0.38788687944953787,-2.4203652033600296,2.19345196454348,8.135880096994066,-4.440203634271339
-0.21304186760347033,-2.8928376721926368,2.3919567285477075,7.828939892064763,-4.253984672479073
0.09643778910560462,-2.714575292136401,1.9861792312445412,6.972162335711679,-3.866008649931657
0.980324807575001,-0.8890921091751777,2.9879076668490083,7.980623283787124,-4.70133237963825
1.4911082847551105,-0.7877800272051347,4.626887208164657,6.951304529219522,-4.811995979742571
1.3244578276817676,-1.7718847294020479,4.084952588162078,8.610556925095713,-4.558434561625525
0.40759986362557576,-1.1231743435006138,3.370297391746652,6.939809563674375,-2.8879281520585147
-0.30979917938240786,-0.1245131407970852,3.576826196971305,6.959028460578731,-6.060715721283172
0.5719270928783232,-1.899030199657239,3.1715045983070347,8.307898564776988,-3.5808028632956264
1.8754339705580279,-0.576283564974335,3.4701241678080317,8.1640898231323,-4.017982139828507
-0.7801616674205757,-3.0038227761643688,3.271993182147679,8.016663641165927,-5.5930103937290685
-1.4124550235414424,-1.8669450050238583,3.5921505678102057,9.09382588081625,-6.50668702859012
0.005365463395963773,-2.9357431484401033,2.905844690555218,7.986573492784244,-5.905288818225546
0.19649927146243953,-1.2457558944859355,0.24813424740070067,6.6477410404411135,-3.7175576638527374
0.26816371052869037,-1.2972993200884446,2.158993404824069,9.375819962710016,-4.920249305927921
-0.19691984609215268,-2.7109580228107153,2.7383847305632805,8.277589834699754,-2.7858964984169314
1.2890940292613364,-1.8830627481721285,3.19174310707662,9.053652018397452,-4.356032160372423
0.4814364210989394,-1.207244661425276,0.3579328842369569,8.504952744083218,-3.5175319778913234
-0.35416110680169977,-1.407910580549673,2.291840594696551,8.203315996158084,-3.4735228988357942
-1.4173644336504712,0.2662239179347543,3.139515247532257,5.615650188663082,-3.2976216456125473
-1.0808478343634365,-1.3218534567972782,3.2901243510357063,7.617969740011841,-4.24954489096684
0.19274920996804631,-1.4236038691205264,4.029062440327274,8.832876819344978,-2.6377497628148605
0.48007598394068857,-1.1425596398254556,1.379637728546746,7.325069653599619,-2.6917354186870535
-1.5209190659636407,-0.37887758886305445,1.9303031324574973,7.953119837685403,-3.0279244810700776
1.7682132650214764,-2.481642037426624,2.0411623436854853,6.600400276923786,-5.284025338431761
-0.33222533264327103,-4.049518497571072,2.840028001679021,8.289046456584337,-3.478107327353733
-0.04941064150804927,-1.088115981162773,2.301831843355233,7.523173884925834,-3.847153780251155
-0.7473585883998137,-1.43736592034812,2.143440216954516,8.115866981616255,-4.558486534533148
-1.5550840393028666,-2.756205882409467,2.4778277466204215,7.957283893672404,-4.6475355873825634
0.5286447468912336,-1.1698309220155467,1.6018580870996546,7.436553733887525,-3.1417443227537913
-1.3553786795995975,-1.1967409242062161,3.3129746402282056,8.567216098675072,-4.170773149037185
-0.25871962075232224,-1.6683983540804563,2.853692103442375,8.122549498813244,-2.4807673008692057
-0.06277818656773985,-1.7577359555389125,4.729301898461552,9.361921562969263,-3.7873756440691864
-0.8618622750462794,-1.6276984618550885,4.409712100780133,7.214813384847372,-5.117789455627548
2.145959073846038,-1.3247496965666696,3.1365032930482717,7.556165575413873,-3.7665287280635793
1.6122640853163386,-2.0716225664616603,1.3507209322866496,6.505393710123441,-4.0617360580671775
-0.23769017536916234,-2.4977769905989815,2.5036055741161762,7.008126798603037,-4.4957135765869065
0.1774860859364317,-1.3378378762100687,3.648757017988748,8.06140139182598,-3.0255705950896603
-0.4620130312462846,-3.64319455965663,3.812246963126731,7.374139934644412,-2.5963592816465884
0.7116839760731022,-0.1629868335591611,2.8331547146770326,6.5868760031015565,-2.7901282226136375
0.29676748267223546,-1.4473291801618495,3.6506826064214604,7.731849475534914,-4.128512320007358
-1.1000705230001426,-0.9918450774261012,2.613941418685433,7.973618802588582,-3.207889339724826
-2.0595904798951303,-1.4058421676525115,2.0488544584211446,7.689694631026637,-3.269444933053591
2.376320915946495,-1.734429087977009,4.791105901298003,6.9239594823249595,-4.302156467377288
-0.48692801097380023,-1.074189784895799,1.8980246427125473,8.511793860010261,-5.466329491302998
-1.0226530117584285,-1.123428311222162,1.138127600025577,8.781809687070705,-4.353894224349573
0.5300881935262816,-2.939898338072588,2.956929052013255,9.032760499402773,-3.287650671150121
1.1827030177158928,0.7601457862575192,2.73789104570942,8.449944182101792,-4.389318081787787
1.1564197840714812,-4.0300110796078386,3.778606432873312,9.774737444492889,-4.219321135596607
-0.6946286720655305,-2.239479903579744,2.448095458709592,7.057904137027846,-3.3506840091997785
0.8500129727291247,-1.4335090087191489,2.8512351670180327,8.970865095662072,-5.1309825025838025
-0.7011658845460296,-0.030628860731722884,3.1346103373090863,7.528397494868685,-3.193584140786348
-1.4313136631816472,-0.6797016671452242,3.4982602500738924,8.090197329450596,-4.328988576007907
-0.546592297243471,-1.7065286114496159,3.61176194956455,9.4589434882189,-4.794336110613162
1.2029196607570078,0.3257338431104877,1.5475267055863349,7.536100609680281,-4.605462044934559
0.5199280733842928,-1.1568439917950202,0.9454747970491915,8.531022443387888,-1.7918577734685703
1.2836409497245806,-3.5152284635836675,3.823971209614731,7.155126301126974,-4.877075369842308
-1.8005072539555327,-1.5380716508559757,2.49636150998306,8.722199190034772,-3.639542637693283
0.2826637479963129,-2.4075740936747003,0.8176724606629069,6.266520778252534,-3.548026863717854
1.4313052111129547,-1.748235212375209,3.299401610623046,9.042202884893186,-3.832121150845186
-0.2519698516264181,0.2130035198841851,2.806484044874311,5.649639832745281,-4.299288091418268
0.5285190990674933,-0.6828231104290499,2.826625520370004,8.63099302549442,-2.934259972757203
-1.6016396044361723,-1.4230252938338028,1.2396518348631003,6.9128308574739075,-4.476503505759726
0.779138139826861,-1.3964350509545018,4.995187720898555,6.822407285824392,-3.552318081193384
0.2997832157233082,-2.387917040722382,3.5221625330604627,8.220001801166687,-2.9774603402796087
-1.9352156991648386,-1.3317237196426608,2.6265432247390974,8.913959818922333,-4.530235213996026
-0.366859415985672,-2.5912680130812733,3.29791420232342,8.377398542512854,-3.924799559972128
-0.34003503013159625,-1.5359116706227998,1.3883715393867055,6.938677584954141,-4.093579681120124
1.2537664645604036,-3.0198344172504994,3.536071474944605,7.3381329978867855,-2.834780435947623
-1.2127313366327843,-3.196375396339122,3.404883031769133,6.835141048609748,-3.4941004459031784
0.03285921255039825,0.19611733162019762,3.102618658104685,8.03997919630856,-2.8732133412182006
0.0807975663330154,-2.1541445552778957,1.0245324704849834,5.76092252279779,-2.665527124157981
-0.40531355372882016,-1.5566379511521247,5.112738356738868,7.258463218631614,-5.28703689256996
0.2448707491083344,-2.292309449735129,3.8815515368854445,7.20407152268208,-5.236705449869692
1.3395104590316524,0.27256655145695374,2.0208093261369395,8.56257422867275,-2.2169713293634232
-0.06857639955128374,-2.160220654235533,2.5281063082227924,9.08249484931478,-4.511006469123586
-0.884181798157745,-1.496262080432323,2.7186888824323194,8.575392716757294,-5.264488407982012
0.7164145205525639,0.14646430418527134,1.6926715673841455,6.844531796885864,-5.090779293779587
-1.5738243387604514,-1.9211977821502848,2.4569642444009845,7.860420850874038,-4.950186465161663
1.6704975550723096,-1.9785755239356333,3.7118345342920076,6.552990091985041,-3.4920343215728566
0.08126994326930607,-2.166102445577562,3.7572188477162243,9.433172338323084,-5.895551535224147
0.4466899335959395,-0.04363317003390632,0.6285495423513687,8.12079276744265,-5.3973457171439945
1.1875031993986234,-1.842472791003892,2.2231818271853756,8.073116632989569,-3.1662393207797748
-0.4673831288467285,-2.0973830067720383,4.114252848034524,8.393173313451566,-4.853130342071342
-0.7574756201046533,0.008129974630155745,3.8188596386860594,6.410711972428846,-4.211940218886465
0.16596705037721718,-0.17712050474168262,2.8513641166061454,6.819776312632599,-3.1526493749549824
-0.6399423609583417,-0.858520475159368,3.506664000942308,7.649155461744928,-4.310063455719293
-0.16559997580699337,-2.5584870773270065,2.066678179895421,7.693977982585126,-3.900979887158067
-1.238244158299037,-1.461070247751841,0.7778703643214351,6.574998916796107,-3.1450022103989874
-2.1548514335634223,-1.97931903192076,1.9121197063349076,7.264317391398581,-5.241199498243991
0.4887711228823602,-1.9635077152786267,3.0359975032884305,8.38142322611735,-2.7944219171498768
-1.3606246117366365,-2.4186730732731063,3.0926711238620603,6.726745124667129,-3.663603538660598
-0.1576327090201763,-1.91116627391374,3.5220004764570922,6.52298599069694,-4.457062526225469
0.06945819072104115,-0.5989571932420162,2.591127358939643,9.654370111136036,-2.825352341061152
0.4919547613708083,-1.4642001266979439,2.47364222328426,9.899404376612079,-3.641306931269659
0.29094782457306423,-0.382295153045318,4.621209944136845,7.281390495659219,-3.635622039665375
-0.6156921719082264,-1.1341458490649208,1.5094951320802452,8.22177663677791,-2.5725501819033085
0.39904550394908284,-2.1022391657908415,1.6667772550656192,8.809071361598836,-3.41291909347698
-2.233966594124993,-0.917640834256166,1.935406678198794,8.153276121775898,-4.4754306648071465
-0.9477647557780787,-0.9815799147913893,1.930103941274832,8.455945343105103,-2.1245422217640293
2.454692905913136,-1.9966111021965485,3.9620134443699824,7.356080624977882,-4.362949971542297
0.16793162388394317,-0.8553177873299159,2.871412756132501,7.5208607172571424,-5.666621455797169
0.007320161368658848,-3.310615055368392,1.2006403249876125,8.25988191096954,-3.721210082707671
1.0874157788129177,-2.0817723803829566,2.8194903624475467,9.056791771328463,-3.17306957018548
0.1634226651937675,-2.648474245281551,2.758685141617665,9.013371693048516,-4.608169901899281
-0.036127461836662836,-1.506890650428285,1.935148161829562,6.545421392271241,-3.715469443840321
-0.8139776478736999,-2.196161478730988,2.1174621667191267,7.804699430439115,-3.5234886428641774
0.06668061075347373,-0.7038212029677247,4.569256709731797,7.155172727220102,-3.4128687394053845
1.2659194719105022,0.19032061954366108,0.9596865149295604,9.25492525124862,-4.513640303276437
1.575021572685724,-0.6399037614850398,3.2145398414960162,8.382413003090923,-4.806272371117493
-1.4113241597777093,-0.12307137743815688,2.9876907690995744,8.33568176108532,-3.5717455452420315
-0.665010306691921,-0.5898885701517175,2.0348291081514622,6.588103546475242,-2.7795486513209298
0.2735256823767749,-2.1869568935065207,3.020314592896533,6.695026383382168,-4.141010564103242
-0.6173544693870189,0.14217526738216524,3.9911736107173406,8.892502780315963,-5.554936502787798
-1.2371874593480048,0.16643122442324487,4.490338120481833,9.151714851027416,-3.17410057806159
-0.44764090540765306,-1.3963274299014876,3.745422953374665,8.885317883849943,-3.193572646616601
0.7383789190233495,-1.5959189286707947,3.619248171549111,7.530457564603917,-4.149037705318331
-0.3389203147284188,-2.4778688755159375,4.627103434587283,7.471292576757225,-3.072308353957127
0.13095072438340866,-2.821906077652227,4.808348378634622,9.308574048313073,-4.378039629990487
-0.10921769297786411,-1.8128536783537355,2.81402016350688,8.44433495564704,-7.014435526959328
-0.3364608699565216,-5.735943801803501,2.555190423559231,8.453927727034937,-4.587724588545177
0.7582562153400283,-0.6726863700440096,2.6681597001075312,9.375924081789126,-1.945227235005321
-0.8779389724164124,-1.1206426780861132,3.694287298282057,7.417733323089937,-2.6894130720100997
1.3195286578114274,-2.4309244463142345,1.5843351744354122,8.159656858485373,-2.5291913755695834
-1.4706159948742774,-1.7263468562057531,2.8974483669386726,6.789298878971755,-5.513254219492543
-1.0863074248857478,-1.4044221353423787,2.826158740311946,8.95559585297419,-4.724428417840775
-2.542140396494692,-1.1057724850244672,1.1747413514457203,5.7253449428274905,-3.3966273660180177
0.07536613496108574,0.5554057877959435,2.275998220019991,8.655229575002279,-4.680438303182507
-1.2971391557354164,-1.0166973928690803,4.2313653213190205,7.626175447463881,-3.8506579514344668
0.9081110119583534,-2.2884853982405025,3.495892886281049,6.293580427879104,-4.482859733540703
0.4592399491635387,-1.9700977755288196,2.832820952639783,9.387304437987394,-1.82544699723594
-1.8021041242802827,-0.9949591815516565,2.473446295463396,8.595507695129,-4.050226686643806
0.7499157703679413,-1.1373211921898712,3.7529977983070264,9.336297912742705,-6.173171432164132
-0.4059167719076762,-0.5901972056469478,1.9680144725730186,9.827971125419992,-3.0737257707672865
0.3448514210576187,-2.1056565112608476,3.8625432987604027,8.64001587761833,-1.8773626287598044
-0.13309717568052468,-0.8519408467839729,2.114658964763467,7.909132388573455,-4.369165767745598
-0.10520359513842538,-0.7546344443273315,1.920624670156244,7.013158290286153,-5.7652059567627685
0.1082700550057228,-0.6573169971273638,1.5048855045676977,6.34467758967691,-2.665006292055658
0.4014980577273985,-2.059680616218328,3.5797837662003635,6.572428364621271,-3.5526180335387703
-0.9593379232171273,-2.658196576874044,3.844674092350629,8.211727961976498,-4.9938960201383
-0.8600372235584655,-1.2027200579364572,2.6763375352439818,7.656148609738072,-4.330648613901111
0.9464012432106328,-3.258804121953772,2.869340179399444,7.616957227648629,-3.2554215527284454
0.14188084818864058,0.49091095849338706,0.9745935807827502,8.261581226374394,-3.3357042358097435
1.6081827920161447,-2.104427600644217,4.3996272915167935,7.956816750854313,-4.645365219286406
1.2550990205836605,-2.0826873511585484,1.041619474809955,8.473796938936008,-5.928587576291301
1.0301920838532241,-3.1805854181073627,3.8710450169711113,8.76879813528291,-5.829459124380343
-2.4830085312253867,-0.2391866798545863,3.106466766531459,8.037356854454274,-4.930461243989393
-2.4289621467615703,-0.7064420554708652,0.5519122113639048,7.460537480600466,-3.840552403971313
-1.3345850513181603,-0.7325386739348763,3.133017805912832,7.555034410675665,-2.758459320039535
-0.3639656140045352,-1.900249474953351,4.022089699997739,6.6874600389355585,-5.394684278868815
0.8944011058903021,-2.227500395300414,2.730118760453429,8.873247636778615,-4.78482434083853
-1.1301608865459578,-2.480338463488579,2.1634722737199596,9.147217629199908,-4.036784168753567
0.8899793339780738,-2.2243297169322434,3.627640412848044,8.890584113912189,-2.7703849236845612
0.38693034447214536,-2.3791661162456204,3.0557196229748183,8.402372069942068,-3.531983277433139
-0.9967881564600336,-3.355720351318353,0.7587883489719827,5.633330363111618,-4.7141018725781265
-0.7085714451637296,-2.463770674445475,4.409220088689201,8.912363285787647,-4.0096299860097355
-1.124571979139537,-3.1700681233361676,2.2571970320670203,8.607269808421018,-5.606241869207011
-0.2036036023585306,-1.3311509438470923,1.3188346732425222,8.268340655896976,-5.291468989245676
-0.6426751541995713,-0.060210992240478545,3.9827185913144025,8.006676942024223,-4.541438005887561
0.5333707385903805,0.8250019331953484,1.5698211422466437,8.939823724068965,-2.7854410794976356
0.13107597278362715,-2.28288560348573,1.5298990769791634,7.244532951441137,-4.809225822058837
-1.0619258839048438,-1.7158794150236192,3.582503063776339,6.867209832861378,-4.32428595254465
-0.5649414888995098,0.4324679057471601,3.985317299523492,7.749456156746399,-3.640681113535133
-0.33187330549448,-0.9626209390153759,2.9422131183513667,8.29943066911292,-6.891221399630746
1.132539556365525,-1.8662826731302293,2.8730437129551434,7.644907879552745,-3.612134653208855
-1.4079942334905855,-3.2974820233833606,3.836579388055357,8.67713465419903,-5.9429154816408385
-1.9538093146952504,-0.7200546419203964,2.7324690139480516,7.664081755743745,-3.103954846302091
0.09167298263686516,-0.6085959633189474,1.9125458575111147,9.388036310776524,-2.54264634522323
0.5342816806073345,-2.852420254321927,1.7340419999397907,7.644165104506998,-2.8137978531800663
-0.8419235819283457,-3.4533292714022377,4.020729454254913,8.522582184990268,-4.398036004569531
-1.6737348254509703,-1.9207340514213675,2.048679790616352,8.489455934764548,-5.64316538683155
-0.686062306603737,-1.0289022037567666,2.431791744834253,7.783448072497322,-3.557580766236348
-0.89441045883042,-1.58163778953132,2.02843604632899,9.175170360116823,-3.652500233339471
0.035033009706028094,-2.9119753418525542,3.75220487011748,8.105646644636746,-5.382274507862648
1.1037702427817255,-0.866119142997993,1.339517632912396,8.934871111378456,-6.012290745784197
0.9303533833611195,-2.650471114785689,3.145925680347753,8.718704938781169,-3.7056587240420304
2.029523620043161,-1.7762467142758873,2.7882646201711183,8.61505476394516,-4.64359228294432
-0.8815157584612309,-1.3519248412014322,2.6011586611493307,7.7155275726386945,-6.346636466883035
-0.21822560165533392,-2.099759914345736,1.620977526703793,7.400686136013772,-2.378053040120653
-0.3589541290883541,-0.6631359192003597,4.013044979162018,7.117330230178265,-4.951518534939065
1.1666664036073262,-1.021610601874563,2.3507392718827553,8.034589582328133,-3.720262434951098
0.1353419345659958,-0.8035381751335725,1.5636996530008274,8.331808374037307,-3.542492084546529
-1.2192148496997557,-2.616160054038332,1.5193675461876512,7.504481450470234,-3.9939657319626765
1.9315654074996014,-2.1550171831522573,3.20605968458883,7.645879836664727,-3.442999144589666
-1.245193156908096,-1.5144156584156085,3.039243307674639,8.52989631534752,-4.307972215880659
0.8988651489313524,-2.0768497026150987,2.37650256650916,8.337662805871766,-6.516718049990853
-1.024984232834656,-2.371276107781217,2.582518173130403,8.683472333657674,-3.6373777918641155
0.1318687700733027,-1.5168107867526945,4.410906386255968,9.192456962364707,-5.143209685240104
1.2012950535642781,-1.2889368896677849,1.9407239197615906,5.952152998491643,-3.138587240163975
-0.18194629585641248,-0.39785600451473324,3.276586735548541,6.510562607556544,-5.579060387342789
1.082297194287887,-2.62660078629607,3.3679622243372944,7.384904386133927,-4.2031572473541425
0.896016328435937,-0.4288188277162033,2.03318423695339,7.757421241553272,-5.520898122296208
-0.13885190485659255,-2.4392505707002288,3.5813237031077105,6.657091841266514,-4.523126893934013
1.4177542734037871,-2.7611783471508815,2.5664311886091644,6.691304340684338,-4.209936520257385
-0.1091580490325662,-1.1081336734933487,3.018165386870016,7.407029403298477,-2.452065659040707
-0.43136617314029296,-1.7813273963678486,2.91056036085848,7.421084179015436,-3.9897635779371847
-0.4075231890494614,-0.25035022199501356,1.870710855514226,9.270300084892426,-4.665548253025779
0.0009024725785603449,-1.2929846822983413,3.294516330587855,8.333670896078152,-3.4168781628197373
0.8823764362178373,-0.43278311808250214,2.255785050762613,7.562326785608574,-4.126118132156396
-0.3956342578421995,-1.8901064349957994,2.657400567127423,6.9425131324943665,-4.475378001108892
-0.3879388554156828,-1.8595808426448528,1.638701994915429,5.826636674884334,-4.049736542543498
0.21245311558543578,-0.9667237415566096,2.596078586449242,5.833010471489373,-3.6805234716850794
0.06434660004867149,-2.5763317908778434,2.921578479723388,7.4093988123428405,-4.801037056644667
-0.21584825113162404,-1.8537858719055769,2.9331269116124163,6.247546356806773,-5.4808810909366015
-0.32206232117212086,-1.5596051827329582,3.830564587956541,7.2559786076342085,-5.707540890003844
-0.37862429322742536,-0.5971358348985101,3.5640739150293625,7.970460345681096,-4.476211016001252
-1.3480659044075394,-0.7328241090980085,2.8751477698612957,6.991075750877319,-3.4654272204773724
-0.35685152549965493,-3.389067933022182,2.604715258394863,7.320311183798667,-4.1160241967921145
-0.03604182796735772,-2.019645481037386,4.08038531126749,8.212866759385182,-5.198703131769236
-0.05766091146038965,-1.386578621979563,4.041355970745251,9.539481642135648,-3.185349727624895
-0.8616671674164518,-1.0243279907998986,2.769836423875384,7.696488108830792,-1.7640806593003884
-0.9043920221195857,-2.053877351010512,2.5604467478476245,9.859504967486703,-4.459790671656735
-0.7860895445018142,-1.9352630934272144,4.27117751063573,7.6904492622188405,-3.7478960675082567
-1.3605911583650432,-1.5631415525385837,3.2327660275406935,6.841214150090876,-2.697852257499975
-0.5058312857463994,-0.27933659669786204,1.3585321782760893,9.020683963076362,-2.9297181469300186
0.07037202993939186,-2.083466486070875,2.847155013120614,7.443535879021223,-4.013379786782902
-0.10235515081815809,-0.30339578692216085,2.3823792161497033,7.764149530089103,-3.932706077595049
0.8588572881960878,-0.9724439833155399,1.5492110726390012,7.531156114048748,-3.2767270210766797
0.34349559130422075,-2.737985091124302,2.7018771414990406,8.371580861812271,-4.648522768506532
0.12524461640270695,-2.5508979896421353,1.4021835245876648,6.659030767434512,-3.8600768393689093
-1.742495211942268,-1.0679095617937893,3.6985204798010236,8.161115608293885,-3.316851491153125
-0.4424226992183702,-2.0878947448259,1.0098207608480374,6.526468648749954,-4.25347051071106
0.07332301636642913,-1.457177326594659,3.0681297006455104,6.075158067020744,-4.502735174976319
0.3140045473305316,-1.980585687010261,3.173379480246142,7.791759418994258,-5.221164765889512
0.7740110562378105,-1.528776358587942,2.6502399515706427,7.491858856130598,-5.649971422344765
0.7550559500872351,-1.2859150692323387,2.2473026630868986,7.150707939676815,-4.058350589708573
0.10427558553435345,-3.7681153099240223,2.3582691988430367,7.972079595772934,-3.244348021352171
0.26520999915091953,-1.3420152257740532,1.800946355897457,6.7769306090684704,-4.381147253479231
0.6938956136245773,-1.5738094650122343,2.2933805729869294,9.102451234173865,-3.848206372498824
0.2875151953474377,-1.9371366259760303,4.117828320134109,10.042913467536152,-4.3039148772005005
-0.5511139187180728,-2.322353479923276,4.627097898981092,8.668154626591043,-3.3960109332240775
-1.051311247850161,-0.017553462118146124,4.011301686674932,8.41119582061318,-5.499898347511192
-0.4589025978949856,-2.5482372325669367,2.234809564690562,8.442914687683798,-5.0940725497201065
0.4426373075738061,-1.4188744771010682,1.7273082262789896,8.398618321916011,-5.25779988902508
-0.37107163957942063,-0.8212093020223631,3.090184029462961,7.693492213919001,-5.043356154107466
-0.9441600137757694,0.1818959029514744,1.0831598150986352,7.898505846597339,-3.153560114374505
-0.2678853501593455,-1.1879075199260494,1.899078199619821,6.944270560781119,-1.8134178630684206
-0.5706869214410433,-1.868580990120814,3.4984683353570927,6.670996125589076,-5.156634359092529
0.3176291069024152,-2.1960990099779703,1.9036484981363389,7.804122804970017,-4.135926381730086
-0.7242860930146,-2.2413449236508596,3.768719522225931,7.305980157724157,-4.540398543299761
-0.5761502504401295,-0.038285242477011705,2.480211932002959,7.618649093450421,-3.983204890956983
-0.5494035171146137,-1.8583690090978184,2.3680083486278267,7.699061050071816,-5.282588365882141
-0.6023909016845718,0.15178908032334548,3.1568430514966535,8.149176547452534,-4.052210294023066
0.07179655904047853,-2.0820673449587916,2.4012492251887907,7.583083898669172,-3.9051661890223777
-0.11887775784317788,0.059990216082357106,2.5395651044295877,7.735827650031576,-4.309542759742226
0.3811709517641224,-3.102377411268243,2.1564052359335233,5.403190228330562,-4.130145847298778
0.13597349643266016,-0.5712619259692876,1.0645006033341282,7.418442218240226,-3.3110047465142105
-0.20285687494501853,-0.8127247380978575,3.2410209408335913,8.014449251137796,-2.441622763210126
-0.07752255477939253,-1.4930555462193498,3.1583261947160075,8.939002137998672,-3.3936468897700833
-0.7298113127456689,-2.0868196952800737,0.22064333725482754,7.1108414473876005,-5.191827752720561
-2.3125301835108,-1.4887658132705492,1.8749506526293347,7.3276827685014885,-5.236642228287792
0.47293240764277755,-1.4413645480576474,2.26003511684046,6.891132761522716,-4.487482656872109
-1.6370455310688268,-0.3057806675665897,1.0225140140890356,6.836555659612365,-4.042965427325296
0.9466831823161574,-2.4589937299146323,2.468014075370486,6.951932704784411,-4.936876167057731
-1.1016506483693234,-0.33507308199694785,3.428078106995961,8.23479910331906,-3.478621721668472
0.5041733308048836,-1.7776075141969478,3.776269559981599,6.816240432732984,-3.1986686164802918
0.47475040181005435,0.3642362050303909,1.6275399101548105,8.668229302042016,-4.866321910413764
-0.34216240209249177,-2.4711405135638236,3.0636304643296763,8.037818063109013,-3.5639735400970878
0.5902157425459917,-1.2287249104573512,0.15417316066560405,9.430105750843959,-3.1403315683024795
2.2072378391348875,-1.715375449401994,3.203630251932217,8.581054781468286,-1.8576032641179872
-1.5149752083836663,0.5748351141289123,1.7709933526397683,8.60810686370603,-5.4166575192577255
0.26073376983945773,-1.079817187040532,1.9108266747262346,9.04760337372757,-4.843035019097567
-0.5182409492504113,-1.2845399591589743,3.4142522717930035,8.035376633405292,-3.934323816169735
-0.5578669222606978,-1.9229839466759697,4.33174221484847,8.749716552019544,-3.0787507694598935
-0.8835993040333572,-2.9894593752127614,3.451588018413964,7.583868860439605,-1.7543206565561569
-0.8635966946782865,-1.0113256414983742,3.1651672958963792,9.10244459108732,-3.4554627343822797
-2.9445715258986875,0.12378321739844234,1.5576223106421205,8.084441652385282,-1.0861384720800666
1.6220485900783546,-0.9852760112253303,0.48120489099906116,7.476533352846097,-4.948291263873254
1.5164401941967114,-1.0939210045296948,3.034551809962535,7.461216708339624,-3.5775412872803813
-0.5906305358400835,-0.266030531409442,1.7818664782199716,6.440533739547734,-4.841915956585539
-0.6200323237641804,-1.7726204753946762,1.8817524154083705,8.567987326910007,-4.482415752766452
1.5553123624885836,-0.5304801291729524,2.973107218405885,8.683539909414,-2.6074679457081986
1.1850800716159542,-1.4416232729152372,2.5057068065218924,7.286755834181879,-3.3562429546209813
-0.02556949962265003,-1.123932315568949,2.10356831602574,7.393787006667326,-5.782369257696647
1.1724142896891803,-1.6822315621882162,3.521366632465983,9.01282122806263,-5.7908798886349135
-0.2050465839002976,-2.2053691343384814,2.334633570186645,8.143619532753956,-4.555482442850932
-1.0811534523654827,-2.406884795414104,2.0031464326462953,7.707789009179299,-2.7361047035615282
0.406552204207219,-2.73684315815923,3.2267964062328742,8.775067057533219,-6.562416625292707
-0.8761905449124217,-2.179688591415366,2.5643518366905873,5.678515302502927,-3.8579644827386876
0.34032387541172415,-1.0784071709778256,2.9988646951357576,7.41356553574923,-4.052321958907908
-0.26494822558387593,-2.659636079009556,2.648573679773054,8.566832333633021,-2.596345730660036
-0.40374589923415405,-2.524764358541459,2.511296912502897,8.045406774871223,-3.1078472393630285
1.4260662645667683,-2.398055444384006,2.391204133810128,8.28891561826207,-3.2114826008631554
1.1148651707204003,-2.7260415610764084,3.5341312665207703,7.433931024008504,-3.053953201786089
-1.4344861388199586,-1.3511641640378476,2.5030611434614736,8.984974023417704,-2.4903564187383376
0.03385061406383886,-2.202345397394455,2.522987570044533,7.356742235519944,-4.4496714471265735
-1.2605174101378274,0.6715800669794847,3.189987083514631,10.520718265162639,-4.391234741306586
-1.21243084360527,0.21142103347883046,3.342010500668713,7.088846961882412,-3.5109791472782717
0.8972024099680321,0.5024708327047138,2.1770516406526745,7.241572124943374,-3.895956314415435
-0.49425926247873453,-0.6341944179932775,3.685893912093828,10.166881158018375,-3.811351388164789
-0.3206781010021884,-2.81856845014192,3.5160600707027267,7.563721652180893,-6.19250899963509
-0.27271400970648474,-0.7963960617336772,2.8339480678498172,6.8008904364550204,-4.910161461842387
-0.6164452744140122,-2.24107553156737,2.5451208981089652,7.507364538084742,-4.993292300067331
-0.624770352056672,-2.046475585847181,4.063756800372783,7.826272085059982,-3.699381924601807
-0.43463454518295835,-2.9751742142618194,2.6362734603653712,7.543783052047913,-3.5238253901904946
0.08867985182724954,-1.0158880376135238,2.4668843739335293,6.161652859550793,-2.721157910431481
0.37223271892519205,0.23576797128288263,5.0902530214914,8.091153276813797,-4.181659774649807
-0.5463118434961919,-3.0132207453434314,0.7645955051547653,6.815973851699214,-5.899907172883646
2.3690797212933714,-2.0413201478628764,2.472888708079535,7.22105955958681,-3.7730322706543804
0.7573940727989387,-1.3895787484474784,3.7264522868479237,7.611060841100077,-7.209393700111774
1.2891022523892854,-1.14412267780112,4.064931995777214,8.106741673721151,-1.6613846563016383
-0.0778035366170338,-3.687521746976453,3.765197888177375,7.712701514101318,-3.921346609226664
-1.0175470576154344,0.7222385685842592,0.11723081513669431,8.891343022448218,-5.455729516884047
-0.22487403474415996,-0.3535953458752794,3.60194747643036,8.951251735053907,-5.076034734987324
0.8446472336899615,-1.1658808870618265,2.516819873681162,7.4369549748324255,-2.8144847240838207
-0.10852850975577642,-0.6831357505303346,1.9421802266997696,10.03614050332435,-2.0704118925929382
-0.013556000383407452,-1.2795073592679915,2.0489807624226324,9.025719328464596,-3.4973949525273498
-1.4056294599778625,-2.195899479171967,3.9806947526054124,7.762010621776784,-3.7260957410431885
1.2716168954836133,-2.596093303331531,1.46313657317042,9.295287267784145,-4.324267432235389
0.7359111447080965,-0.5376996087197277,2.9558950972026006,8.169299400261234,-3.4741308936383866
-1.9120057719851253,-1.3605800243122355,2.1090700693287685,9.468942469983162,-3.8202120286927634
1.0814955152451338,-0.8810093353044146,3.3524058528104397,8.969922360102586,-3.807631475009523
0.28046307678230586,-1.496455489077012,2.706369254499902,8.659857460001092,-3.0819454753362874
0.708042079891806,-0.9910987494118312,1.1143598701368933,7.262342620799901,-4.303780338719724
-0.04186851022977282,0.4559947196956551,-0.44382538160789187,10.212841760828189,-5.288944690424771
-1.6219416355079606,0.0883891312301428,0.97554096229355,6.664562735008332,-3.1904099445222633
0.03112510705451738,0.2932548454775301,2.0401720530966543,7.383443194189534,-3.606465357714424
1.26947609348344,-1.9668942468257866,3.6594389911343903,8.23965517337959,-5.145914914590493
-0.7582152679100991,-2.2927867872290046,2.2236376271803655,7.499949385418429,-3.77942346669236
0.4215766202076389,-0.5581689943412927,2.5089105716040483,7.046306708470503,-4.018250788070214
-0.20178660946631394,-0.9508176498926122,4.707870183430334,7.904506861063958,-5.701253436757975
1.4645396805075819,-1.8250549018954847,2.580873165845682,8.496531440811241,-3.390179093271036
-1.1728274540589674,-1.2489734058401687,3.1774298573429958,7.577116260943203,-5.084069094475296
-0.330770394746669,-1.3550709234881648,2.252411545294156,7.88477640770612,-4.754858676882864
0.7719343249232583,-1.106629152665954,2.5666443827297414,8.360702940163351,-3.327615299032525
-0.08614801148170866,-2.220426947495981,2.9209800397800554,7.902332279926057,-3.6856349533173107
1.8169062569332641,-2.7395484696202264,3.452413373363851,8.352116753626806,-4.32527554083851
-1.4775211761166633,-1.6930236185299294,3.6739289741702903,8.273789360752193,-3.9239750570604572
2.2269905505577112,-0.5075952079041863,2.95767650617479,10.684645915975981,-1.1580781461076621
0.4998181929876787,-2.4778239977340712,3.5822120975127825,7.7352990940291155,-5.059719972857194
0.43874177080682625,-2.127923474837444,4.151522569829553,5.976517938843875,-4.349095011296488
0.5830376410866396,-3.3172981197659084,2.657779640262371,8.358708793757913,-3.5268618835101138
0.02170013013337792,-2.319250149025617,2.6102485747195203,8.847135587163947,-3.3305872863720447
0.13662508386441952,-1.63421245333031,2.296539442966024,9.802964710755434,-4.079114742039244
1.1408382904360979,-2.5299357750279308,2.5071436926561432,5.497146933480398,-3.9281702046694806
-0.05380417181546439,-1.3117495193068263,3.5192540534895222,8.324629876809901,-5.29922084906946
-0.2272470451559886,-1.356744566984649,2.558963816082435,10.080057773083615,-3.8267276359857507
-0.23466032848987795,-0.43973145745504216,2.73923579403294,7.70085030405207,-4.322301311254989
0.21895884231199148,-2.0255885753788636,1.7392275669679762,7.5960079188997,-5.441809767397123
1.153863896944301,-0.7484166283445841,1.6220283324636562,8.537757931517705,-3.81830315110945
0.0027994890635249766,-2.430483728941323,3.4404228219233994,8.220005127734751,-5.3417275477837975
0.5305085772278587,-1.5940536213431822,2.9577923034418423,6.7260983907123455,-4.942122773178504
-1.0145227533260341,-2.723530437044223,3.8390620198579706,9.481056753893636,-4.197986581757662
0.3314215936346264,-1.919699585806454,3.776600012232108,6.29709216580598,-2.02922191421029
-1.568185779948515,-1.378591310403987,2.314577504747275,8.072950826915031,-3.6479640605603096
0.7725347174046059,-0.7523842859091001,3.167297209459938,7.219718732077237,-3.8762306411511234
-0.2627898403025783,-3.016123289042758,2.60687370457689,10.744546451437195,-2.3563377315938165
1.9178066161054284,-1.6858844079771738,0.967147999469975,9.173930178720846,-5.207794946536568
1.318115696758703,-0.6629665946912381,3.3057517907141607,6.2508414814461775,-4.366516452227163
-0.09433782484996756,0.9068687015915144,2.517806601042905,6.686109604452367,-4.165422031995206
0.07945001137192836,-0.699580232993053,1.4685973518954614,8.344540124555722,-1.8255432196457195
-0.24299029906160247,-0.6206838987290402,1.9464335540722901,6.878747934349524,-2.37317211570609
2.726036454858748,-1.9026075805132485,2.279181825825822,5.930591717221007,-3.6963514705618117
-0.6802517050968943,-1.8244976001590687,2.9376196631693308,7.749269009500194,-4.213027259547815
-0.21959949668101555,-0.3716124872033413,3.1189198115738255,7.292414770175549,-5.97109735852656
-1.6959024905084668,-1.5806737137363016,2.922497119652907,9.094136231857885,-3.205500960670223
0.6299099577945737,-1.7056561297856374,2.9854852415776536,7.230088802340982,-4.281009930298667
-1.0051537134827333,-2.7054854042239604,3.241322363904839,6.601941294569985,-3.00422853244741
0.15005474805166416,0.3641270277979136,1.8702210903876455,5.661277502254397,-3.9014066676455412
-0.48140260973626786,-2.1163006704117793,1.385880518018495,6.403207348234256,-3.667825328068068
0.10153301014245486,-1.8217986321104953,2.9707214107430224,8.804281230184722,-3.6430591955015945
0.3635196309169773,-0.1168470929865928,3.610525598486609,7.566671333729158,-3.6445297707043443
-0.8676487138546747,-2.986336976441689,1.1129346851141686,6.766655319272959,-4.497782068541179
1.0074753638020457,-0.389081852337851,3.093993575044999,7.324380274497481,-4.499404570352654
0.4248242128962099,-0.8251608492592399,2.5028082682879176,7.242966439451642,-4.585334938834796
0.014458625083332075,-2.0414408445889003,1.6281523347558686,7.376331768769183,-3.654447188066484
-0.7575645577336944,-2.4801023374767257,2.4303312615555304,8.126949112225914,-3.91350638892428
1.2392339284352238,-2.017989692053722,0.9401447251796322,9.039676931040752,-4.8608376154379656
-0.5758974649743452,-1.132398354120201,2.582050103296077,7.425298315505151,-2.6883380624312245
-0.05322585678667472,-1.966384105129818,2.942036658753903,7.988221475222226,-4.3765700313040306
-1.443713493523623,-1.321131489259606,4.621784194926171,7.825588234155137,-3.9147498213459175
-1.3163253736277123,-0.20949286185499294,3.0437830288967005,9.244617177938037,-4.443086777112816
-0.4014257834149347,-0.3841340263906108,2.813204274905007,8.142815457710828,-3.5492697969393525
-0.5481182471575609,0.5628417577753124,3.421188792452481,7.880794001125117,-3.8593901535705584
1.2574195387435503,-2.0006070592073666,2.5086934175714117,8.23115185213372,-5.342088086996089
-0.056359280122249104,-1.2318911966027868,2.626773878347914,7.738470126109004,-5.131333015555782
2.1426947283147557,-2.217341748605423,2.1086772113729038,7.528775093889378,-3.747062708594077
-0.36518070858213325,0.13240500894131157,2.527783690258969,7.29863885181956,-2.7346723550959346
-1.2511305999837419,0.23666634259489028,3.513798329754902,9.108448077753264,-5.329152430920164
-0.47476303136856085,-1.696777410766764,6.384296120158542,9.52258004997672,-5.710025035633529
-0.5786118642458389,-2.6442424484290603,2.605774556884517,8.458621538566199,-3.7483351289704356
0.139800997783519,-0.4412972219786342,2.252438889780846,8.244599243822258,-3.7334831903495886
1.6306337584141162,-2.1638282101096564,1.2538296516479706,7.589724558895734,-4.358611928342833
1.035527498981955,-0.7459301737455222,4.547199113695553,8.879866567379246,-3.7459860370898226
-0.1903812377458334,-1.8594985280489738,3.1180941832239317,8.760234012525554,-4.33497052175321
-0.10731984223882071,-2.3883351348325963,1.4668276727376308,8.087217101763235,-2.3515496850988917
0.9137758235838505,-3.3723103236538607,2.476843771860405,5.902152574325014,-3.9281854339582916
-0.42099102382031156,-0.2704444660605412,3.5295604068891486,9.889929466944418,-4.472194998455542
-0.12783880461977776,-3.535686227814598,0.7019965321279533,8.340528410499031,-2.643393169721222
1.721164459471019,-0.3637390900803774,0.36571694613060535,8.336936630907653,-3.317747075624975
2.4475080526188346,-0.4703098952357989,2.452995331597254,7.730301959392002,-4.198304742720482
-1.2575816184005975,-0.47493181319299516,3.9987181962288822,8.712875942336177,-5.199273100834246
0.4989761820193037,-1.0294340230229377,1.3806289683295025,8.026627836019237,-4.013617865046413
-0.15210360068241494,-2.721220227612597,2.4440229348284843,7.933640592903753,-5.456724574836744
0.012605825474793381,-2.696958890447303,1.5700362325044916,7.514307558364541,-3.5829426972265703
-0.45806850314677955,-0.646625585503942,2.1260577092655653,6.951420091607349,-4.768629672962296
-1.1900541497064077,0.47495105011167404,2.876708241880505,7.909165742730182,-3.2415808366634735
0.1969735632751516,-1.8423162483933766,2.3247110314379613,7.407000960388831,-4.9478215212490255
-0.3674736070155137,-2.7930779601074107,2.903114601735417,7.769091055309356,-4.995001876068429
-1.1688059263105215,-0.8898409124500455,5.501153266244032,7.36778092136212,-3.4350131184600343
1.9514171291495392,-2.301026698911423,1.3598190466060622,6.624090933045641,-4.681661174400552
-0.178407745786408,-1.5041872878239728,1.7250870296568914,6.88322753638799,-2.1831126142491786
1.8948997333817907,-1.6504723785622841,2.8820304277080444,7.8478356476067,-2.8956671992102656
-0.23929037971176592,-1.453644728964145,1.2266075956220253,7.755492701082201,-2.957395140980977
-0.10102789725913329,-0.5039703295338959,3.6961323670063457,7.829539627927099,-3.2664478513440587
0.5389806867541941,-1.9148384568643966,1.923307895021138,8.807825291274359,-3.7265424323211676
-1.0513240908072974,-1.681747233593721,3.9141463838399395,5.728814942661703,-3.771214853956743
-0.9396240112216372,-1.407816438271348,1.716235703288604,7.801034469362058,-4.664539966669379
0.8524289210605462,-3.156291253519253,3.104445529505907,6.658354995820146,-4.950944502981482
-1.1574287131096852,-2.2308245889455582,2.023262847219404,8.252848502340274,-4.8177370993714534
0.32584382365875014,-2.0124957826992236,2.2202347155238034,10.197741868540271,-2.316928038647826
2.289846933565581,-1.0758765336449572,1.823967854860886,8.535504585022736,-5.516291110181829
-0.029331296633855027,-1.2950450229160586,2.4567486958062035,7.186845501801362,-3.9963172110083742
-0.5467628084061362,-0.15900961938417346,2.5983254166457437,7.108616475961416,-3.3092042305481515
0.32111203312537656,-0.5113268418278791,2.9684402681474498,9.183725247499178,-3.677327615275508
0.13021845259103815,-0.0008732883574200656,1.9062305492253708,8.065688953757045,-4.563937059946807
-1.9721120789277422,-2.1241548136938007,1.6283857057832292,8.564400407370531,-3.8508130163655694
-0.35509379051219986,-0.29561828186137906,2.3619686203506585,8.246575330817446,-2.311351253512896
0.4799890276777706,-1.4596727708556734,1.949090614623404,8.00305141548035,-3.8089222736851194
-0.34540591144202093,-1.319326087835064,3.6915938925082443,8.821100950417524,-4.713206507717137
0.5441049504652401,-2.9524982357444953,1.1180274742139449,7.677045868362253,-4.339298842943228
0.45575781633830004,-3.0394958296620733,3.0373938870207637,6.519435824278517,-4.140206568302755
-0.5344010332066393,-1.4162447847711388,3.279845966712084,9.087028475584724,-4.054618380106766
0.7263025238770735,-1.7921944151902023,3.7422199238970872,7.0159800740782465,-4.441975180924033
-0.8398130039067773,-1.9021880961378361,3.1015379875587685,8.620956838325831,-4.9046011873681135
-1.5190468289305763,-1.3812519093942353,3.4214999941712665,6.787965326956997,-3.3087461639352305
-1.0486679964457335,-0.3944285157599563,4.112335607863098,9.139481270444106,-4.647995527356202
2.929862530751151,0.08611677494673908,1.497698411103702,7.452703145668616,-3.211318183908993
-1.9064282687080378,-1.4412366728768922,3.6063887610117185,8.351893753495407,-4.750938705970339
0.1818662535021974,-0.07099308253642644,2.007803008286527,8.117694771537046,-5.470286005546552
-0.7953581732420686,-2.5305033402070505,1.6181415223586595,6.619886086925176,-4.673149550865542
-0.5136722365391186,-2.43666128305511,4.232579557186804,8.543519295232695,-4.9284072993441805
-0.819333248925164,-0.3361692972907544,2.208206011898703,8.816041948451318,-2.60151569807146
0.4805832489962541,-1.0809458866195334,1.1457130991149527,6.508231621869607,-3.6208292643178357
-0.10461133458723275,-2.2337091148830206,1.454701983343923,7.779386456755045,-4.407463336761613
-0.2754060094143755,-2.5443105218290234,2.7395219903884285,9.040198868087682,-6.2266507176436905
-0.9639492669283636,-2.2174808779103854,2.3456684444560234,7.60919092282986,-2.8576735210052826
-1.0885533815564155,-1.4578353534940236,3.1326071997088607,8.493946316107946,-4.724729858054592
1.38827373471331,-1.5272099373412868,1.2298309577874342,8.467618964689413,-2.148037163790602
-0.5897571874248724,0.47747778444722,1.5512307429843342,8.279640212980977,-3.5584093726779185
0.8507725097847655,-2.424368092810572,1.8689969967356728,7.685296739570941,-4.3940045242948145
0.5028305958774367,-1.4512100273427624,1.4288485518030267,8.451686499040045,-4.743917035941339
1.2483125117652185,-0.31991105035964673,2.5822673364856255,6.673287235151095,-5.366784466235844
-0.6823029519964744,-2.081768325481788,4.78492831741941,6.8136201226057835,-3.8379828360404957
1.3152026487177302,-0.34655060986635755,4.317176309006332,9.580482197822999,-3.529518288636278
0.05042832024609535,-1.168894926370252,2.3745656902292276,7.47977253951341,-5.786507695569172
-0.5901217633140949,-0.9753804072620564,2.2662606333019624,8.778767264881186,-4.3889463744848305
0.11701077232142983,-1.324145728610005,1.0903125635979227,9.832678653219766,-5.6954602888448695
-0.2957236277230702,-2.3115469970765954,2.610904208888074,7.687766487117057,-4.113908657031408
-1.0390012415231138,-0.8218031023934251,3.817693443845159,8.283122594559089,-5.340886561830495
1.1526039585022567,-1.598230914311001,2.8749966825842495,8.027854374097535,-4.3035788005216205
1.0665018352452766,-2.0191912534412815,4.399211032646236,6.817280545832489,-6.169775735555527
-1.307523758051392,-1.4423655272585236,1.3801859563959011,6.809056713066162,-3.85906169802179
-0.49264590292686466,-1.4522987271945245,3.1820392876232826,8.520358250245117,-4.847021328767406
-2.316901249247512,-0.1670923338347461,3.2369422836525468,8.436476430852942,-5.5728789022636835
0.31280057084666996,-1.471685581954355,3.8664745329147605,9.463797860988754,-5.193622171396634
-0.09487505772095667,0.011543880831884179,3.1849595634928036,8.431142832967334,-5.29148371154693
0.5221717705716233,-2.4124842005001614,2.7840315126381237,9.02490508609429,-3.450780927975881
-1.033446528901076,-0.11562913634567296,1.1149755138782784,7.93409004379726,-3.3537762836614067
-0.9983085483816189,-2.0806499672348258,4.337158199608406,7.835520991784447,-2.7400439379168864
-0.8969954771123252,-1.5922059866640335,3.4233972422243064,9.498439535573263,-5.256320747010749
-0.720817035165337,-0.9138819199729046,2.6894544811705345,7.7520656573376705,-3.769352092922662
-0.34645452135698784,-2.3737476959039006,1.6117366869110559,7.6911601657884425,-4.1475895215577525
0.33462391769568123,-3.099102538946745,2.858477741893218,7.818620090095018,-4.759582141168263
1.5027150703456984,-0.5618257443305866,2.7741752493455976,8.714920152221394,-3.5734549875419024
1.2194445551056192,-1.8495705891605838,2.1901722237905554,8.186475414914431,-6.683867901962787
-2.092094945904244,-1.4292308607197883,1.7324962200718002,8.939631328549098,-3.84863231444612
-1.2364719341649146,-0.816378852389447,1.7424704703039524,7.569452444922334,-1.2075429467942294
-0.24463905641597847,-3.555750693676712,2.1217326502930094,9.831031194283538,-4.948523648344111
0.3876084290169659,-2.298472480653914,2.1624976442903594,6.096191901027737,-3.4512096625079973
0.9584146658608631,-0.6113942914332938,1.9829220197499025,8.829789666071068,-5.963795995764806
-0.10709480524817268,-1.5885951984201085,0.9297183768008941,8.817856639693003,-1.9300725605917455
-0.12498435467853072,-0.6968404312532714,3.328478032767554,7.824622986304728,-4.750292718249593
0.6750577502982479,-1.1773323718828705,3.2038341620994095,7.172540847952782,-3.5555704099339764
0.40776754235769525,-1.2794381391768554,1.3552511875404138,7.769879914587744,-4.039975578004085
-0.4477632872617243,-2.552635129639688,1.9524843467286666,8.060375347844305,-4.387345433117388
0.37870423675012355,-1.0171459336116893,3.923445846758837,8.130655644825422,-2.9391386308049645
-1.2095438767841018,-1.7788856324656568,3.626811137829171,8.774145525042986,-2.7238125796982167
-0.11480627979636583,0.7457672586264028,4.122241397047114,7.629378043885598,-5.055858984835215
-0.0760647633071121,-1.751588873038622,3.7216907830042922,9.028604433170369,-4.124390938423007
-0.7676580106753312,-2.7734181096569075,3.017200153872315,8.472535657948827,-4.300136818452059
1.3277178465891988,-1.358133911884164,3.8846286837535713,7.853118801892222,-3.641212224220273
-0.2510826257649195,-1.1243505862937684,2.1188312360568755,7.198672114800587,-4.8512778565599595
0.20875525848999382,-1.4553113767373642,2.7129709266559074,9.01170665904892,-1.3930742765292354
-0.9424150506165374,-1.7223893208225445,2.5219476178538054,6.632751873552583,-3.884761218655391
